location,month,year,tmax,tmin,frost days,rain mm,sun hours,tmax-n,tmin-n,frost-n,rain-n,sun-n
1,1,1957,8.7,2.7,5,39.5,53,0.287272727,0.342723005,0.178571429,0.224641834,0.118312757
1,2,1957,9,2.9,5,69.8,64.9,0.298181818,0.352112676,0.178571429,0.398280802,0.159122085
1,3,1957,13.9,5.7,2,25.4,96.7,0.476363636,0.483568075,0.071428571,0.143839542,0.268175583
1,4,1957,14.2,5.2,1,5.7,169.6,0.487272727,0.460093897,0.035714286,0.030945559,0.518175583
1,5,1957,16.2,6.5,0,21.3,195,0.56,0.521126761,0,0.12034384,0.605281207
1,6,1957,23.6,10.7,0,22.4,284.5,0.829090909,0.718309859,0,0.126647564,0.912208505
1,7,1957,22.5,13.8,0,87,152.3,0.789090909,0.863849765,0,0.496848138,0.458847737
1,8,1957,21.1,12.5,0,86.2,154.4,0.738181818,0.802816901,0,0.49226361,0.466049383
1,9,1957,17.6,10.1,0,51.7,88.5,0.610909091,0.690140845,0,0.294555874,0.24005487
1,10,1957,15.5,7.7,0,47,85.9,0.534545455,0.577464789,0,0.267621777,0.231138546
1,11,1957,9.4,4.3,2,59.5,67.5,0.312727273,0.417840376,0.071428571,0.339255014,0.168038409
1,12,1957,7.6,1,11,42.1,40.8,0.247272727,0.262910798,0.392857143,0.239541547,0.076474623
1,1,1958,6.8,0.9,10,64.3,40.1,0.218181818,0.258215962,0.357142857,0.366762178,0.074074074
1,2,1958,8.9,1.9,10,58.7,45.7,0.294545455,0.305164319,0.357142857,0.334670487,0.093278464
1,3,1958,8.1,1.1,10,26,105.2,0.265454545,0.267605634,0.357142857,0.147277937,0.297325103
1,4,1958,12.3,3.8,3,29.5,153.2,0.418181818,0.394366197,0.107142857,0.167335244,0.461934156
1,5,1958,17.3,7.8,0,59.5,189.2,0.6,0.582159624,0,0.339255014,0.585390947
1,6,1958,19.4,10.7,0,104.3,152.2,0.676363636,0.718309859,0,0.595988539,0.458504801
1,7,1958,21.7,12.9,0,51.9,190.5,0.76,0.821596244,0,0.295702006,0.589849108
1,8,1958,20.8,13.1,0,75.2,103.1,0.727272727,0.830985915,0,0.429226361,0.290123457
1,9,1958,20,12.1,0,83.8,134.8,0.698181818,0.784037559,0,0.478510029,0.398834019
1,10,1958,14.9,8.3,0,50.7,94.2,0.512727273,0.605633803,0,0.288825215,0.259602195
1,11,1958,9.7,4.4,1,50.7,40.8,0.323636364,0.422535211,0.035714286,0.288825215,0.076474623
1,12,1958,8,2.7,2,85.1,29.6,0.261818182,0.342723005,0.071428571,0.485959885,0.038065844
1,1,1959,5.7,-1.1,23,54.8,76.2,0.178181818,0.164319249,0.821428571,0.312320917,0.1978738
1,2,1959,7.4,1.2,7,2.4,54.8,0.24,0.272300469,0.25,0.012034384,0.124485597
1,3,1959,11.9,4.4,0,43.8,103.9,0.403636364,0.422535211,0,0.249283668,0.292866941
1,4,1959,14.2,6.3,0,52.9,139.1,0.487272727,0.511737089,0,0.301432665,0.413580247
1,5,1959,18.7,8,0,21.9,221.4,0.650909091,0.591549296,0,0.123782235,0.695816187
1,6,1959,22.1,11.1,0,16.2,231.6,0.774545455,0.737089202,0,0.091117479,0.73079561
1,7,1959,24.7,13.3,0,86.5,276.9,0.869090909,0.840375587,0,0.493982808,0.886145405
1,8,1959,24.2,13.7,0,27.6,240,0.850909091,0.85915493,0,0.156446991,0.759602195
1,9,1959,22.7,10.6,0,5.1,209.2,0.796363636,0.713615023,0,0.027507163,0.653978052
1,10,1959,17.8,8.5,0,46.9,150.1,0.618181818,0.615023474,0,0.267048711,0.451303155
1,11,1959,10.8,3.5,6,53.5,53,0.363636364,0.38028169,0.214285714,0.30487106,0.118312757
1,12,1959,9.3,3,1,75.7,30.2,0.309090909,0.356807512,0.035714286,0.432091691,0.040123457
1,1,1960,6.9,1.8,12,47.9,34.4,0.221818182,0.300469484,0.428571429,0.27277937,0.054526749
1,2,1960,7.9,1.6,7,48,80.1,0.258181818,0.291079812,0.25,0.273352436,0.211248285
1,3,1960,10.2,4.5,0,33.9,65,0.341818182,0.427230047,0,0.192550143,0.159465021
1,4,1960,14.3,4.6,1,12.4,156.1,0.490909091,0.431924883,0.035714286,0.069340974,0.471879287
1,5,1960,18.4,9.3,0,45.6,181.7,0.64,0.65258216,0,0.259598854,0.559670782
1,6,1960,22.1,12.1,0,42.8,248.6,0.774545455,0.784037559,0,0.243553009,0.78909465
1,7,1960,20.1,12.4,0,67.2,139.7,0.701818182,0.798122066,0,0.383381089,0.41563786
1,8,1960,20.3,11.8,0,60.8,150.9,0.709090909,0.769953052,0,0.346704871,0.454046639
1,9,1960,18.5,10.5,0,75.3,128.4,0.643636364,0.708920188,0,0.429799427,0.376886145
1,10,1960,14.2,8.2,0,155.5,75.2,0.487272727,0.600938967,0,0.889398281,0.194444444
1,11,1960,11.2,4.5,4,89.5,69.4,0.378181818,0.427230047,0.142857143,0.511174785,0.174554184
1,12,1960,6.9,2.1,5,56.5,44.5,0.221818182,0.314553991,0.178571429,0.322063037,0.089163237
1,1,1961,6.9,1.2,11,64.4,45.8,0.221818182,0.272300469,0.392857143,0.367335244,0.093621399
1,2,1961,10.3,4.9,0,55.1,56,0.345454545,0.44600939,0,0.314040115,0.128600823
1,3,1961,13.9,2.9,4,5.7,166.7,0.476363636,0.352112676,0.142857143,0.030945559,0.508230453
1,4,1961,15,7.1,0,50.8,73.5,0.516363636,0.549295775,0,0.289398281,0.18861454
1,5,1961,16.8,7.4,0,17.2,217.2,0.581818182,0.563380282,0,0.096848138,0.681412894
1,6,1961,21.7,10.5,0,29.2,229.3,0.76,0.708920188,0,0.165616046,0.722908093
1,7,1961,22.1,12.1,0,26.2,180,0.774545455,0.784037559,0,0.148424069,0.553840878
1,8,1961,21.7,12.6,0,47.6,158.8,0.76,0.807511737,0,0.271060172,0.481138546
1,9,1961,20.9,12,0,64.7,125.4,0.730909091,0.779342723,0,0.369054441,0.36659808
1,10,1961,15.6,7.6,1,56.8,117.2,0.538181818,0.572769953,0.035714286,0.323782235,0.338477366
1,11,1961,9.9,3.5,7,52.5,55.6,0.330909091,0.38028169,0.25,0.299140401,0.127229081
1,12,1961,6.8,0.2,17,88.6,46.2,0.218181818,0.225352113,0.607142857,0.506017192,0.094993141
1,1,1962,7.9,1.2,7,76.1,67.1,0.258181818,0.272300469,0.25,0.434383954,0.166666667
1,2,1962,7.6,1.4,7,12.6,67.1,0.247272727,0.281690141,0.25,0.070487106,0.166666667
1,3,1962,7.4,-0.6,16,35.8,111.4,0.24,0.187793427,0.571428571,0.203438395,0.318587106
1,4,1962,12.7,4.7,0,41.8,142.7,0.432727273,0.436619718,0,0.23782235,0.425925926
1,5,1962,15,7.1,0,29.6,157.9,0.516363636,0.549295775,0,0.167908309,0.478052126
1,6,1962,20.4,9.4,0,6.1,260.5,0.712727273,0.657276995,0,0.033237822,0.829903978
1,7,1962,20.6,12.1,0,82.8,135,0.72,0.784037559,0,0.47277937,0.39951989
1,8,1962,20,11.6,0,52.9,173.6,0.698181818,0.76056338,0,0.301432665,0.531893004
1,9,1962,17.8,9.6,0,88.4,152,0.618181818,0.666666667,0,0.50487106,0.45781893
1,10,1962,15.7,7.1,1,37.6,114.4,0.541818182,0.549295775,0.035714286,0.213753582,0.328875171
1,11,1962,9.1,3.2,8,41.7,33.6,0.301818182,0.366197183,0.285714286,0.237249284,0.051783265
1,12,1962,5,-1.1,22,52.8,64.1,0.152727273,0.164319249,0.785714286,0.300859599,0.156378601
1,1,1963,0.8,-4.6,28,12.9,38.4,0,0,1,0.072206304,0.06824417
1,2,1963,2.8,-2.2,24,6.6,72.2,0.072727273,0.112676056,0.857142857,0.036103152,0.184156379
1,3,1963,10.7,3,7,68.2,95.9,0.36,0.356807512,0.25,0.389111748,0.265432099
1,4,1963,13.6,5.7,1,52.1,123.2,0.465454545,0.483568075,0.035714286,0.296848138,0.359053498
1,5,1963,16,6.9,0,33.7,195.6,0.552727273,0.539906103,0,0.191404011,0.60733882
1,6,1963,20.8,11.3,0,48.3,193.4,0.727272727,0.746478873,0,0.275071633,0.599794239
1,7,1963,21.1,11.9,0,28.1,196.2,0.738181818,0.774647887,0,0.159312321,0.609396433
1,8,1963,19.8,11.7,0,53.4,138.6,0.690909091,0.765258216,0,0.304297994,0.411865569
1,9,1963,18,10.1,0,49,120.9,0.625454545,0.690140845,0,0.279083095,0.351165981
1,10,1963,14.8,8.2,0,34.7,85.4,0.509090909,0.600938967,0,0.19713467,0.229423868
1,11,1963,11.8,6,1,118.8,59.3,0.4,0.497652582,0.035714286,0.679083095,0.139917695
1,12,1963,5.4,0,16,16.1,44.1,0.167272727,0.215962441,0.571428571,0.090544413,0.087791495
1,1,1964,5.8,0.4,9,17.8,37.4,0.181818182,0.234741784,0.321428571,0.100286533,0.064814815
1,2,1964,7.6,2,7,16.8,59.2,0.247272727,0.309859155,0.25,0.094555874,0.13957476
1,3,1964,7.6,2.6,5,95.1,66.8,0.247272727,0.338028169,0.178571429,0.543266476,0.16563786
1,4,1964,12.8,5.4,2,73.5,126.1,0.436363636,0.469483568,0.071428571,0.419484241,0.368998628
1,5,1964,19.6,9.8,0,46.1,197.8,0.683636364,0.676056338,0,0.262464183,0.614883402
1,6,1964,19.3,11.2,0,110.1,164.1,0.672727273,0.741784038,0,0.629226361,0.499314129
1,7,1964,22.8,13.5,0,20.2,219.7,0.8,0.849765258,0,0.114040115,0.689986283
1,8,1964,22.3,12.7,0,21.2,215.7,0.781818182,0.812206573,0,0.119770774,0.676268861
1,9,1964,21.1,10.6,0,11.1,213.7,0.738181818,0.713615023,0,0.061891117,0.669410151
1,10,1964,13.7,5.3,1,29.2,126.2,0.469090909,0.464788732,0.035714286,0.165616046,0.369341564
1,11,1964,11.2,5.3,2,29.6,55,0.378181818,0.464788732,0.071428571,0.167908309,0.125171468
1,12,1964,7.1,0.9,12,29.9,48.6,0.229090909,0.258215962,0.428571429,0.169627507,0.103223594
1,1,1965,6.6,1,14,43,72.8,0.210909091,0.262910798,0.5,0.24469914,0.186213992
1,2,1965,5.9,0.9,11,8.3,32.5,0.185454545,0.258215962,0.392857143,0.045845272,0.048010974
1,3,1965,10.5,2.2,9,58,129.7,0.352727273,0.319248826,0.321428571,0.330659026,0.381344307
1,4,1965,13.4,4.8,0,44.8,138.6,0.458181818,0.441314554,0,0.255014327,0.411865569
1,5,1965,16.8,8.6,0,39.5,194.6,0.581818182,0.61971831,0,0.224641834,0.603909465
1,6,1965,19.7,11,0,54.6,184.7,0.687272727,0.732394366,0,0.311174785,0.569958848
1,7,1965,19.3,11.7,0,85.9,129.9,0.672727273,0.765258216,0,0.490544413,0.382030178
1,8,1965,20.8,11.9,0,55.9,184.7,0.727272727,0.774647887,0,0.318624642,0.569958848
1,9,1965,17.4,9.2,0,109.4,130,0.603636364,0.647887324,0,0.6252149,0.382373114
1,10,1965,16.2,7.5,1,18.8,129.1,0.56,0.568075117,0.035714286,0.106017192,0.379286694
1,11,1965,8.4,2.2,9,65.4,96.5,0.276363636,0.319248826,0.321428571,0.373065903,0.267489712
1,12,1965,8.4,1.7,9,87.3,54,0.276363636,0.295774648,0.321428571,0.498567335,0.121742112
1,1,1966,5.3,1,13,32.6,40.8,0.163636364,0.262910798,0.464285714,0.185100287,0.076474623
1,2,1966,9.3,4.4,1,73.4,27,0.309090909,0.422535211,0.035714286,0.418911175,0.02914952
1,3,1966,10.9,2.6,4,12.2,122.6,0.367272727,0.338028169,0.142857143,0.068194842,0.356995885
1,4,1966,12.2,5.4,0,98.6,88.7,0.414545455,0.469483568,0,0.563323782,0.240740741
1,5,1966,17,7.5,0,50.5,222.9,0.589090909,0.568075117,0,0.287679083,0.700960219
1,6,1966,21.8,12.2,0,66.7,205.4,0.763636364,0.788732394,0,0.380515759,0.640946502
1,7,1966,20.1,12.2,0,78,161.6,0.701818182,0.788732394,0,0.445272206,0.490740741
1,8,1966,20.6,11.6,0,86.2,199.7,0.72,0.76056338,0,0.49226361,0.621399177
1,9,1966,19.6,10.8,0,36.7,161.4,0.683636364,0.723004695,0,0.208595989,0.49005487
1,10,1966,14.7,8.6,0,122.1,81.3,0.505454545,0.61971831,0,0.697994269,0.215363512
1,11,1966,8.8,2.9,4,41.7,59.3,0.290909091,0.352112676,0.142857143,0.237249284,0.139917695
1,12,1966,9.3,2.2,6,62.5,36.3,0.309090909,0.319248826,0.214285714,0.356446991,0.061042524
1,1,1967,7.3,2.1,12,36.4,66.1,0.236363636,0.314553991,0.428571429,0.206876791,0.163237311
1,2,1967,9.3,2.6,7,48.6,89.5,0.309090909,0.338028169,0.25,0.276790831,0.243484225
1,3,1967,11.6,3.7,1,35.7,172.9,0.392727273,0.389671362,0.035714286,0.20286533,0.529492455
1,4,1967,12.5,4.4,1,44.1,138.2,0.425454545,0.422535211,0.035714286,0.251002865,0.410493827
1,5,1967,15.6,7.8,1,102.1,183.6,0.538181818,0.582159624,0.035714286,0.583381089,0.566186557
1,6,1967,20.1,10.3,0,51,210,0.701818182,0.699530516,0,0.290544413,0.656721536
1,7,1967,23.5,13.8,0,73.5,239.5,0.825454545,0.863849765,0,0.419484241,0.757887517
1,8,1967,21.5,12.7,0,47.4,182.9,0.752727273,0.812206573,0,0.26991404,0.563786008
1,9,1967,18.5,11.1,0,59.5,118.6,0.643636364,0.737089202,0,0.339255014,0.343278464
1,10,1967,15,8.8,0,103.8,99.1,0.516363636,0.629107981,0,0.593123209,0.276406036
1,11,1967,9.7,2.6,5,42.3,78.7,0.323636364,0.338028169,0.178571429,0.240687679,0.206447188
1,12,1967,7.2,1.3,11,54,61.3,0.232727273,0.276995305,0.392857143,0.30773639,0.146776406
1,1,1968,7.2,1.3,13,65.1,43,0.232727273,0.276995305,0.464285714,0.371346705,0.084019204
1,2,1968,5.7,0.2,13,25.3,67.2,0.178181818,0.225352113,0.464285714,0.143266476,0.167009602
1,3,1968,11.1,3.5,3,22.6,142.3,0.374545455,0.38028169,0.107142857,0.127793696,0.424554184
1,4,1968,13.7,4.4,4,44.2,188.4,0.469090909,0.422535211,0.142857143,0.251575931,0.582647462
1,5,1968,15.4,7,0,80.8,170.8,0.530909091,0.544600939,0,0.461318052,0.522290809
1,6,1968,20.6,11.5,0,54.9,172.5,0.72,0.755868545,0,0.312893983,0.528120713
1,7,1968,20.7,12.6,0,79.4,146.7,0.723636364,0.807511737,0,0.453295129,0.439643347
1,8,1968,20.2,12.6,0,68.2,121.1,0.705454545,0.807511737,0,0.389111748,0.351851852
1,9,1968,18.8,11.6,0,131.4,125.6,0.654545455,0.76056338,0,0.751289398,0.367283951
1,10,1968,16.5,10.7,0,64.2,78.5,0.570909091,0.718309859,0,0.366189112,0.205761317
1,11,1968,9.5,4.8,3,44.3,40.7,0.316363636,0.441314554,0.107142857,0.252148997,0.076131687
1,12,1968,5.4,1,12,74.9,30.7,0.167272727,0.262910798,0.428571429,0.427507163,0.041838134
1,1,1969,8.9,3.4,5,71.7,32.4,0.294545455,0.375586854,0.178571429,0.409169054,0.047668038
1,2,1969,4.9,-0.9,15,45,70.5,0.149090909,0.17370892,0.535714286,0.256160458,0.178326475
1,3,1969,8,1.3,7,56,66.8,0.261818182,0.276995305,0.25,0.319197708,0.16563786
1,4,1969,13.6,3.9,4,20.3,207.6,0.465454545,0.399061033,0.142857143,0.114613181,0.648491084
1,5,1969,17.1,8.6,0,59.5,149.1,0.592727273,0.61971831,0,0.339255014,0.4478738
1,6,1969,20.6,10.2,0,26.6,262.8,0.72,0.694835681,0,0.150716332,0.837791495
1,7,1969,23.9,13.9,0,68.7,229.2,0.84,0.868544601,0,0.391977077,0.722565158
1,8,1969,21.8,13.6,0,93,141.3,0.763636364,0.854460094,0,0.531232092,0.421124829
1,9,1969,19.6,11.7,0,3.1,118.5,0.683636364,0.765258216,0,0.016045845,0.342935528
1,10,1969,18.2,9.9,0,5.1,117.3,0.632727273,0.680751174,0,0.027507163,0.338820302
1,11,1969,9.6,3.3,7,68.7,71.1,0.32,0.370892019,0.25,0.391977077,0.180384088
1,12,1969,6.1,1.4,9,46.1,18.5,0.192727273,0.281690141,0.321428571,0.262464183,0
1,1,1970,7.1,2.1,9,67.7,31.9,0.229090909,0.314553991,0.321428571,0.386246418,0.045953361
1,2,1970,7.2,0.8,12,39.9,105.5,0.232727273,0.253521127,0.428571429,0.226934097,0.298353909
1,3,1970,8.1,0.7,13,37.6,99.7,0.265454545,0.248826291,0.464285714,0.213753582,0.278463649
1,4,1970,11.4,3.7,3,59.5,122.7,0.385454545,0.389671362,0.107142857,0.339255014,0.35733882
1,5,1970,19.2,9.2,0,25.1,219.2,0.669090909,0.647887324,0,0.142120344,0.688271605
1,6,1970,23.6,12.7,0,70.1,273.3,0.829090909,0.812206573,0,0.4,0.873799726
1,7,1970,21.3,12.3,0,53,181.3,0.745454545,0.79342723,0,0.302005731,0.55829904
1,8,1970,22.3,13,0,53.6,184.3,0.781818182,0.82629108,0,0.305444126,0.568587106
1,9,1970,20.3,11.4,0,49.8,157,0.709090909,0.751173709,0,0.283667622,0.474965706
1,10,1970,15.7,8.1,0,10.4,100.9,0.541818182,0.596244131,0,0.057879656,0.282578875
1,11,1970,11.9,5.5,1,151.2,59.8,0.403636364,0.474178404,0.035714286,0.864756447,0.141632373
1,12,1970,7,1.7,10,38.5,45.3,0.225454545,0.295774648,0.357142857,0.218911175,0.091906722
1,1,1971,7.8,2.8,6,70.5,42.5,0.254545455,0.34741784,0.214285714,0.402292264,0.082304527
1,2,1971,8.6,1.9,5,16.6,72.6,0.283636364,0.305164319,0.178571429,0.093409742,0.185528121
1,3,1971,9.1,2.3,7,42.4,104.7,0.301818182,0.323943662,0.25,0.241260745,0.295610425
1,4,1971,12.2,4.8,1,47.3,121.5,0.414545455,0.441314554,0.035714286,0.269340974,0.353223594
1,5,1971,18.1,8.2,0,76.7,232.9,0.629090909,0.600938967,0,0.43782235,0.735253772
1,6,1971,17.8,10.1,0,127.7,145.4,0.618181818,0.690140845,0,0.73008596,0.435185185
1,7,1971,24.1,13.8,0,19.3,224.1,0.847272727,0.863849765,0,0.108882521,0.705075446
1,8,1971,21.3,13.5,0,64.4,147.5,0.745454545,0.849765258,0,0.367335244,0.442386831
1,9,1971,20.7,10.2,0,11.1,173.9,0.723636364,0.694835681,0,0.061891117,0.532921811
1,10,1971,17.2,8.1,0,57.6,147,0.596363636,0.596244131,0,0.328366762,0.440672154
1,11,1971,10.4,3,7,63.9,96.3,0.349090909,0.356807512,0.25,0.364469914,0.266803841
1,12,1971,9.3,4.5,1,21,31.4,0.309090909,0.427230047,0.035714286,0.118624642,0.044238683
1,1,1972,6.9,2.1,6,55.3,40.9,0.221818182,0.314553991,0.214285714,0.315186246,0.076817558
1,2,1972,7.9,2.6,2,43.4,35,0.258181818,0.338028169,0.071428571,0.246991404,0.056584362
1,3,1972,12.4,3.3,2,54,144.5,0.421818182,0.370892019,0.071428571,0.30773639,0.432098765
1,4,1972,12.9,5.7,0,38.3,120.8,0.44,0.483568075,0,0.217765043,0.350823045
1,5,1972,16,7.6,0,25.9,171.7,0.552727273,0.572769953,0,0.146704871,0.525377229
1,6,1972,17.5,9,0,15.4,166.3,0.607272727,0.638497653,0,0.086532951,0.506858711
1,7,1972,22.3,12.7,0,27.2,151.4,0.781818182,0.812206573,0,0.154154728,0.455761317
1,8,1972,21.8,12.1,0,15.4,190,0.763636364,0.784037559,0,0.086532951,0.588134431
1,9,1972,17.3,9,0,27.6,117.5,0.6,0.638497653,0,0.156446991,0.339506173
1,10,1972,15.6,8.5,0,17.3,112.7,0.538181818,0.615023474,0,0.097421203,0.323045267
1,11,1972,9.9,3.2,9,57.7,78,0.330909091,0.366197183,0.321428571,0.328939828,0.204046639
1,12,1972,9.4,3.5,2,66.7,56.5,0.312727273,0.38028169,0.071428571,0.380515759,0.130315501
1,1,1973,7.3,2,10,13.1,28,0.236363636,0.309859155,0.357142857,0.073352436,0.032578875
1,2,1973,8.1,0.7,15,12.5,66,0.265454545,0.248826291,0.535714286,0.06991404,0.162894376
1,3,1973,11.5,2.2,6,10.4,138.1,0.389090909,0.319248826,0.214285714,0.057879656,0.410150892
1,4,1973,12.5,3.9,2,58.1,140.5,0.425454545,0.399061033,0.071428571,0.331232092,0.418381344
1,5,1973,16.9,8.6,0,54.2,167.2,0.585454545,0.61971831,0,0.308882521,0.50994513
1,6,1973,21.9,11.6,0,68.8,254.5,0.767272727,0.76056338,0,0.392550143,0.809327846
1,7,1973,21.4,12.7,0,49.1,173.7,0.749090909,0.812206573,0,0.27965616,0.53223594
1,8,1973,23.7,13.8,0,40.9,189.1,0.832727273,0.863849765,0,0.232664756,0.585048011
1,9,1973,20.7,11.6,0,60.7,180.4,0.723636364,0.76056338,0,0.346131805,0.55521262
1,10,1973,13.9,6.1,0,38.6,98.9,0.476363636,0.502347418,0,0.219484241,0.275720165
1,11,1973,10.3,2.5,11,26.6,87,0.345454545,0.333333333,0.392857143,0.150716332,0.234910837
1,12,1973,8.6,2.1,9,52.3,59.6,0.283636364,0.314553991,0.321428571,0.297994269,0.140946502
1,1,1974,9.6,3.6,2,53,46,0.32,0.384976526,0.071428571,0.302005731,0.09430727
1,2,1974,9.2,3,2,57.8,67.2,0.305454545,0.356807512,0.071428571,0.329512894,0.167009602
1,3,1974,10.3,2.8,4,27.2,101.3,0.345454545,0.34741784,0.142857143,0.154154728,0.283950617
1,4,1974,14,4.7,0,15.2,159.3,0.48,0.436619718,0,0.085386819,0.482853224
1,5,1974,17,7.5,0,22.4,196.4,0.589090909,0.568075117,0,0.126647564,0.610082305
1,6,1974,20.1,10.6,0,67.2,201.7,0.701818182,0.713615023,0,0.383381089,0.628257888
1,7,1974,20.9,12.5,0,29.8,187.7,0.730909091,0.802816901,0,0.169054441,0.580246914
1,8,1974,21.5,12.1,0,67.8,190.3,0.752727273,0.784037559,0,0.386819484,0.589163237
1,9,1974,17.5,9.5,0,140,156,0.607272727,0.661971831,0,0.800573066,0.471536351
1,10,1974,11,5,1,71.9,89.1,0.370909091,0.450704225,0.035714286,0.410315186,0.242112483
1,11,1974,10.6,5,0,142.8,42.7,0.356363636,0.450704225,0,0.816618911,0.082990398
1,12,1974,11,5.6,0,34.4,52.6,0.370909091,0.478873239,0,0.195415473,0.116941015
1,1,1975,10.3,4.5,2,92.3,38,0.345454545,0.427230047,0.071428571,0.52722063,0.066872428
1,2,1975,9.3,1.9,5,23,79.1,0.309090909,0.305164319,0.178571429,0.13008596,0.20781893
1,3,1975,8.4,2.8,7,69.7,66.9,0.276363636,0.34741784,0.25,0.397707736,0.165980796
1,4,1975,13.3,5,5,43.6,133.4,0.454545455,0.450704225,0.178571429,0.248137536,0.394032922
1,5,1975,15.1,6.9,0,62.9,149.8,0.52,0.539906103,0,0.358739255,0.450274348
1,6,1975,21.8,10.4,0,23.2,293.7,0.763636364,0.704225352,0,0.131232092,0.943758573
1,7,1975,24.1,14.1,0,36.3,217.3,0.847272727,0.877934272,0,0.206303725,0.68175583
1,8,1975,25.9,15,0,13.3,226,0.912727273,0.920187793,0,0.074498567,0.711591221
1,9,1975,19.5,10.6,0,111.2,144.1,0.68,0.713615023,0,0.635530086,0.430727023
1,10,1975,14.4,7,0,23.2,111.6,0.494545455,0.544600939,0,0.131232092,0.319272977
1,11,1975,10.1,3.2,6,58,78.8,0.338181818,0.366197183,0.214285714,0.330659026,0.206790123
1,12,1975,7.6,1.5,11,29.1,40.3,0.247272727,0.286384977,0.392857143,0.16504298,0.074759945
1,1,1976,8.8,3,8,13.9,68.3,0.290909091,0.356807512,0.285714286,0.077936963,0.170781893
1,2,1976,7.8,2.3,7,21.1,39.7,0.254545455,0.323943662,0.25,0.119197708,0.072702332
1,3,1976,9.5,2,8,11.3,127.1,0.316363636,0.309859155,0.285714286,0.063037249,0.372427984
1,4,1976,13.7,4.3,1,9.9,182.3,0.469090909,0.417840376,0.035714286,0.055014327,0.561728395
1,5,1976,19.3,8.9,0,19.3,209.2,0.672727273,0.633802817,0,0.108882521,0.653978052
1,6,1976,25.5,13.7,0,6.3,261.2,0.898181818,0.85915493,0,0.034383954,0.832304527
1,7,1976,26.6,14.9,0,15.4,263.5,0.938181818,0.915492958,0,0.086532951,0.840192044
1,8,1976,25.1,13.2,0,16.4,263.7,0.883636364,0.835680751,0,0.09226361,0.840877915
1,9,1976,19,11.2,0,96.6,118.9,0.661818182,0.741784038,0,0.551862464,0.34430727
1,10,1976,14.9,8.8,0,93,61.4,0.512727273,0.629107981,0,0.531232092,0.147119342
1,11,1976,9.9,3.5,5,81.7,60.1,0.330909091,0.38028169,0.178571429,0.466475645,0.14266118
1,12,1976,5.6,-0.2,11,72.3,57.4,0.174545455,0.20657277,0.392857143,0.41260745,0.13340192
1,1,1977,6.1,0.8,15,63.5,38.2,0.192727273,0.253521127,0.535714286,0.36217765,0.067558299
1,2,1977,9.6,3.4,3,65.3,83.3,0.32,0.375586854,0.107142857,0.372492837,0.222222222
1,3,1977,11.2,4.5,4,56.8,105.1,0.378181818,0.427230047,0.142857143,0.323782235,0.296982167
1,4,1977,12.2,4.1,4,32.7,151.1,0.414545455,0.408450704,0.142857143,0.185673352,0.45473251
1,5,1977,16.4,7.2,0,37.3,210.5,0.567272727,0.55399061,0,0.212034384,0.658436214
1,6,1977,17.4,9.6,0,52.4,134.8,0.603636364,0.666666667,0,0.298567335,0.398834019
1,7,1977,22.4,12.7,0,10.4,210.4,0.785454545,0.812206573,0,0.057879656,0.658093278
1,8,1977,20.3,13,0,150.3,135.8,0.709090909,0.82629108,0,0.859598854,0.402263374
1,9,1977,18,10.7,0,15.3,117.5,0.625454545,0.718309859,0,0.085959885,0.339506173
1,10,1977,16.3,9,0,48.1,113.8,0.563636364,0.638497653,0,0.273925501,0.326817558
1,11,1977,10.4,4.6,2,51.3,88.4,0.349090909,0.431924883,0.071428571,0.29226361,0.239711934
1,12,1977,9.2,4.1,2,55.5,37.1,0.305454545,0.408450704,0.071428571,0.316332378,0.063786008
1,1,1978,6.7,0.7,11,68.8,47.4,0.214545455,0.248826291,0.392857143,0.392550143,0.099108368
1,2,1978,6.2,0.7,13,40.9,41.3,0.196363636,0.248826291,0.464285714,0.232664756,0.0781893
1,3,1978,11.3,3.5,4,58.9,108.5,0.381818182,0.38028169,0.142857143,0.335816619,0.308641975
1,4,1978,10.7,3.9,4,45.4,113.8,0.36,0.399061033,0.142857143,0.258452722,0.326817558
1,5,1978,17.2,7.9,0,78.5,210.6,0.596363636,0.58685446,0,0.448137536,0.65877915
1,6,1978,19.7,10.7,0,38.1,175.9,0.687272727,0.718309859,0,0.216618911,0.539780521
1,7,1978,20.5,12.7,0,65.5,142,0.716363636,0.812206573,0,0.373638968,0.423525377
1,8,1978,20.7,12.1,0,53.6,177.6,0.723636364,0.784037559,0,0.305444126,0.545610425
1,9,1978,20.1,10.8,0,17.1,166.7,0.701818182,0.723004695,0,0.096275072,0.508230453
1,10,1978,17.1,8.4,0,1.6,98.4,0.592727273,0.610328638,0,0.007449857,0.274005487
1,11,1978,12.6,6.2,4,8.2,81.7,0.429090909,0.507042254,0.142857143,0.045272206,0.216735254
1,12,1978,7.8,2.6,11,108.6,35.4,0.254545455,0.338028169,0.392857143,0.620630372,0.057956104
1,1,1979,3.8,-2.6,24,59.9,58.5,0.109090909,0.093896714,0.857142857,0.341547278,0.137174211
1,2,1979,4.5,-0.4,13,44,52.9,0.134545455,0.197183099,0.464285714,0.250429799,0.117969822
1,3,1979,9.2,2,4,94.9,99.6,0.305454545,0.309859155,0.142857143,0.542120344,0.278120713
1,4,1979,12.7,4.8,2,77.6,106.3,0.432727273,0.441314554,0.071428571,0.442979943,0.301097394
1,5,1979,15.9,7.2,2,87,200.6,0.549090909,0.55399061,0.071428571,0.496848138,0.624485597
1,6,1979,19,11.1,0,37.6,140.3,0.661818182,0.737089202,0,0.213753582,0.417695473
1,7,1979,22.5,13.4,0,21.7,182.5,0.789090909,0.845070423,0,0.122636103,0.562414266
1,8,1979,21,12.2,0,33.4,171.3,0.734545455,0.788732394,0,0.189684814,0.524005487
1,9,1979,19.6,10.3,0,20.8,177.6,0.683636364,0.699530516,0,0.11747851,0.545610425
1,10,1979,16.4,8.8,0,68.7,124.9,0.567272727,0.629107981,0,0.391977077,0.364883402
1,11,1979,10.8,3.5,5,48.2,58.1,0.363636364,0.38028169,0.178571429,0.274498567,0.135802469
1,12,1979,9.2,3.9,5,90.7,49.6,0.305454545,0.399061033,0.178571429,0.518051576,0.106652949
1,1,1980,6,-0.1,14,29.7,72.4,0.189090909,0.211267606,0.5,0.168481375,0.18484225
1,2,1980,9.9,2.9,4,36.8,52.2,0.330909091,0.352112676,0.142857143,0.209169054,0.115569273
1,3,1980,9,2.4,4,72.1,83.2,0.298181818,0.328638498,0.142857143,0.411461318,0.221879287
1,4,1980,14,5.4,0,21.6,161.2,0.48,0.469483568,0,0.122063037,0.489368999
1,5,1980,17.3,7.4,0,26.1,221.1,0.6,0.563380282,0,0.147851003,0.69478738
1,6,1980,19.8,10.9,0,106.2,188.8,0.690909091,0.727699531,0,0.606876791,0.584019204
1,7,1980,19.7,11.9,0,59.3,163.7,0.687272727,0.774647887,0,0.338108883,0.497942387
1,8,1980,21.9,13.3,0,52.3,173.4,0.767272727,0.840375587,0,0.297994269,0.531207133
1,9,1980,20.1,12,0,27.7,146.6,0.701818182,0.779342723,0,0.157020057,0.439300412
1,10,1980,14,5.8,0,96.5,123.3,0.48,0.488262911,0,0.551289398,0.359396433
1,11,1980,9.3,4.5,4,26.4,66.4,0.309090909,0.427230047,0.142857143,0.149570201,0.164266118
1,12,1980,8.9,2.7,8,33.4,63.7,0.294545455,0.342723005,0.285714286,0.189684814,0.155006859
1,1,1981,8.1,2,9,32.7,62,0.265454545,0.309859155,0.321428571,0.185673352,0.149176955
1,2,1981,7.1,-0.1,16,11.9,71.6,0.229090909,0.211267606,0.571428571,0.066475645,0.182098765
1,3,1981,11.8,6.5,1,90.8,56.8,0.4,0.521126761,0.035714286,0.518624642,0.131344307
1,4,1981,12.9,4.9,1,32.4,129.9,0.44,0.44600939,0.035714286,0.183954155,0.382030178
1,5,1981,16.1,8.4,0,79.8,112,0.556363636,0.610328638,0,0.455587393,0.320644719
1,6,1981,18.5,10.4,0,39.5,152.1,0.643636364,0.704225352,0,0.224641834,0.458161866
1,7,1981,22,12.8,0,56.7,148.9,0.770909091,0.816901408,0,0.323209169,0.447187929
1,8,1981,22.8,13,0,45.3,217.9,0.8,0.82629108,0,0.257879656,0.683813443
1,9,1981,20.3,11.3,0,94.6,151.1,0.709090909,0.746478873,0,0.540401146,0.45473251
1,10,1981,12.9,5.8,0,76.5,110.3,0.44,0.488262911,0,0.436676218,0.314814815
1,11,1981,11.5,5.1,1,34.1,54.9,0.389090909,0.455399061,0.035714286,0.193696275,0.124828532
1,12,1981,4.4,-1.5,17,85.3,47,0.130909091,0.145539906,0.607142857,0.487106017,0.097736626
1,1,1982,6.9,0.4,14,38,57.7,0.221818182,0.234741784,0.5,0.216045845,0.134430727
1,2,1982,8.4,2.4,4,31.6,51.3,0.276363636,0.328638498,0.142857143,0.179369628,0.112482853
1,3,1982,11.1,2.5,3,51.5,171.3,0.374545455,0.333333333,0.107142857,0.293409742,0.524005487
1,4,1982,14.3,5,2,22.8,180.9,0.490909091,0.450704225,0.071428571,0.128939828,0.556927298
1,5,1982,18,7.6,0,71.9,204.8,0.625454545,0.572769953,0,0.410315186,0.638888889
1,6,1982,21.5,12.8,0,84.6,182.1,0.752727273,0.816901408,0,0.483094556,0.561042524
1,7,1982,22.7,13.4,0,24.5,164,0.796363636,0.845070423,0,0.138681948,0.498971193
1,8,1982,22.2,12.9,0,39.7,168.9,0.778181818,0.821596244,0,0.225787966,0.515775034
1,9,1982,20.8,11.1,0,39.6,156,0.727272727,0.737089202,0,0.2252149,0.471536351
1,10,1982,14.1,7.8,0,109.1,69.6,0.483636364,0.582159624,0,0.623495702,0.175240055
1,11,1982,11.4,6.2,3,72.9,55.5,0.385454545,0.507042254,0.107142857,0.416045845,0.126886145
1,12,1982,8.2,1.9,8,63.6,50,0.269090909,0.305164319,0.285714286,0.362750716,0.108024691
1,1,1983,10,4.3,3,47.2,51.4,0.334545455,0.417840376,0.107142857,0.268767908,0.112825789
1,2,1983,5.5,-0.5,19,31,85.3,0.170909091,0.192488263,0.678571429,0.175931232,0.229080933
1,3,1983,10.8,3,5,33.7,93.4,0.363636364,0.356807512,0.178571429,0.191404011,0.256858711
1,4,1983,12.4,3.6,3,101.5,145.4,0.421818182,0.384976526,0.107142857,0.579942693,0.435185185
1,5,1983,15.6,7.5,0,72.9,136.8,0.538181818,0.568075117,0,0.416045845,0.40569273
1,6,1983,20.8,11.4,0,12,188.8,0.727272727,0.751173709,0,0.067048711,0.584019204
1,7,1983,27.6,16,0,50.3,247.8,0.974545455,0.96713615,0,0.286532951,0.786351166
1,8,1983,24.5,13.8,0,11.4,219.1,0.861818182,0.863849765,0,0.063610315,0.687928669
1,9,1983,19.3,11.3,0,42.9,113.7,0.672727273,0.746478873,0,0.244126074,0.326474623
1,10,1983,15.1,7.6,2,41.7,114,0.52,0.572769953,0.071428571,0.237249284,0.327503429
1,11,1983,11.3,5.5,4,39.5,42.9,0.381818182,0.474178404,0.142857143,0.224641834,0.083676269
1,12,1983,9.2,2.7,10,50.9,58.5,0.305454545,0.342723005,0.357142857,0.289971347,0.137174211
1,1,1984,8,1.4,9,73.3,88.1,0.261818182,0.281690141,0.321428571,0.418338109,0.238683128
1,2,1984,7.4,1.3,10,32.9,71.6,0.24,0.276995305,0.357142857,0.186819484,0.182098765
1,3,1984,8.9,2.5,2,73.4,51.4,0.294545455,0.333333333,0.071428571,0.418911175,0.112825789
1,4,1984,14.6,3.9,5,5.4,230.5,0.501818182,0.399061033,0.178571429,0.029226361,0.72702332
1,5,1984,14.9,6.8,0,90.9,144.7,0.512727273,0.535211268,0,0.519197708,0.432784636
1,6,1984,21.3,11.3,0,36.1,237,0.745454545,0.746478873,0,0.205157593,0.749314129
1,7,1984,24.2,12.9,0,19.2,232.5,0.850909091,0.821596244,0,0.108309456,0.73388203
1,8,1984,24.4,14.2,0,27.8,201.1,0.858181818,0.882629108,0,0.157593123,0.626200274
1,9,1984,18.6,11,0,73.4,98.1,0.647272727,0.732394366,0,0.418911175,0.27297668
1,10,1984,15.8,8.5,0,82.8,91.2,0.545454545,0.615023474,0,0.47277937,0.249314129
1,11,1984,12.2,6.4,0,69.8,75.4,0.414545455,0.516431925,0,0.398280802,0.195130316
1,12,1984,8.7,2.8,8,56.7,49.3,0.287272727,0.34741784,0.285714286,0.323209169,0.105624143
1,1,1985,4.1,-1.8,20,41.3,46.9,0.12,0.131455399,0.714285714,0.23495702,0.09739369
1,2,1985,6.3,0.1,13,29.8,78.3,0.2,0.220657277,0.464285714,0.169054441,0.205075446
1,3,1985,9.4,1.3,12,34.1,105.2,0.312727273,0.276995305,0.428571429,0.193696275,0.297325103
1,4,1985,14,5.3,3,33.3,157.5,0.48,0.464788732,0.107142857,0.189111748,0.476680384
1,5,1985,16.4,8.2,0,64.7,163.7,0.567272727,0.600938967,0,0.369054441,0.497942387
1,6,1985,18.5,9.9,0,88.9,167.2,0.643636364,0.680751174,0,0.50773639,0.50994513
1,7,1985,22.9,13.2,0,35.2,241.4,0.803636364,0.835680751,0,0.2,0.764403292
1,8,1985,20.3,11.9,0,58.9,187.3,0.709090909,0.774647887,0,0.335816619,0.578875171
1,9,1985,20.6,11.4,0,11.2,143.4,0.72,0.751173709,0,0.062464183,0.428326475
1,10,1985,16.1,8.8,0,18.4,118.8,0.556363636,0.629107981,0,0.103724928,0.343964335
1,11,1985,8.1,1.2,11,30,88.6,0.265454545,0.272300469,0.392857143,0.170200573,0.240397805
1,12,1985,10,5.2,4,80.5,39,0.334545455,0.460093897,0.142857143,0.459598854,0.070301783
1,1,1986,7.2,1,11,105.6,62.8,0.232727273,0.262910798,0.392857143,0.603438395,0.151920439
1,2,1986,1.7,-2.7,24,14.5,61.9,0.032727273,0.089201878,0.857142857,0.081375358,0.148834019
1,3,1986,10.1,1.8,8,43.5,124.4,0.338181818,0.300469484,0.285714286,0.24756447,0.363168724
1,4,1986,10.9,3.2,3,60.7,135.2,0.367272727,0.366197183,0.107142857,0.346131805,0.400205761
1,5,1986,16.3,7.9,0,52.3,172.3,0.563636364,0.58685446,0,0.297994269,0.527434842
1,6,1986,21.8,11.4,0,17.2,225.8,0.763636364,0.751173709,0,0.096848138,0.71090535
1,7,1986,22.6,13.3,0,54.6,180.5,0.792727273,0.840375587,0,0.311174785,0.555555556
1,8,1986,20,11.5,0,66.7,158.3,0.698181818,0.755868545,0,0.380515759,0.479423868
1,9,1986,17.4,8.1,0,22.8,157.5,0.603636364,0.596244131,0,0.128939828,0.476680384
1,10,1986,16.4,8.5,0,72.4,116.3,0.567272727,0.615023474,0,0.413180516,0.335390947
1,11,1986,12.1,5.2,0,66.1,73.1,0.410909091,0.460093897,0,0.377077364,0.187242798
1,12,1986,9.7,3.2,4,60.6,55.1,0.323636364,0.366197183,0.142857143,0.345558739,0.125514403
1,1,1987,3.6,-1,18,11.1,54.4,0.101818182,0.169014085,0.642857143,0.061891117,0.123113855
1,2,1987,7.7,1.4,12,32.4,58,0.250909091,0.281690141,0.428571429,0.183954155,0.135459534
1,3,1987,8.5,1.4,14,42.7,105.2,0.28,0.281690141,0.5,0.242979943,0.297325103
1,4,1987,15.8,6.7,0,39.9,153,0.545454545,0.530516432,0,0.226934097,0.461248285
1,5,1987,16.3,7,0,54.1,198.2,0.563636364,0.544600939,0,0.308309456,0.616255144
1,6,1987,18.6,10.6,0,69.9,132.9,0.647272727,0.713615023,0,0.398853868,0.392318244
1,7,1987,21.8,13.2,0,77.3,176.1,0.763636364,0.835680751,0,0.441260745,0.540466392
1,8,1987,21.8,12.5,0,57.2,172.3,0.763636364,0.802816901,0,0.326074499,0.527434842
1,9,1987,19.3,11.4,0,36.9,147.2,0.672727273,0.751173709,0,0.20974212,0.441358025
1,10,1987,15,7.7,0,174.8,120.6,0.516363636,0.577464789,0,1,0.350137174
1,11,1987,9.8,4.2,3,43.3,39.8,0.327272727,0.41314554,0.107142857,0.246418338,0.073045267
1,12,1987,8.9,4.1,5,14.4,34.4,0.294545455,0.408450704,0.178571429,0.080802292,0.054526749
1,1,1988,8.8,3.1,5,106.9,54.7,0.290909091,0.361502347,0.178571429,0.610888252,0.124142661
1,2,1988,8.7,1.8,6,26,115.9,0.287272727,0.300469484,0.214285714,0.147277937,0.334019204
1,3,1988,10.7,3.7,4,59.5,88.1,0.36,0.389671362,0.142857143,0.339255014,0.238683128
1,4,1988,13.5,5.1,1,27.7,145.8,0.461818182,0.455399061,0.035714286,0.157020057,0.436556927
1,5,1988,18,9.1,0,41.6,202,0.625454545,0.643192488,0,0.236676218,0.629286694
1,6,1988,19.7,11.3,0,44.3,159.9,0.687272727,0.746478873,0,0.252148997,0.484910837
1,7,1988,20,12.2,0,76.2,161.7,0.698181818,0.788732394,0,0.43495702,0.491083676
1,8,1988,21.8,12.4,0,60.9,195,0.763636364,0.798122066,0,0.347277937,0.605281207
1,9,1988,18.8,10.8,0,27.8,147.8,0.654545455,0.723004695,0,0.157593123,0.443415638
1,10,1988,15.5,8.5,0,56.3,110,0.534545455,0.615023474,0,0.320916905,0.313786008
1,11,1988,9.9,1.8,12,16,89.2,0.330909091,0.300469484,0.428571429,0.089971347,0.242455418
1,12,1988,10.4,4.8,1,8.9,37.5,0.349090909,0.441314554,0.035714286,0.049283668,0.06515775
1,1,1989,9.5,3.1,6,26,59.2,0.316363636,0.361502347,0.214285714,0.147277937,0.13957476
1,2,1989,10.2,2.6,4,40.2,94.2,0.341818182,0.338028169,0.142857143,0.228653295,0.259602195
1,3,1989,12.9,4.5,2,56.6,100,0.44,0.427230047,0.071428571,0.322636103,0.279492455
1,4,1989,11.5,4.3,1,64.2,144.5,0.389090909,0.417840376,0.035714286,0.366189112,0.432098765
1,5,1989,21,10,0,12.1,310.1,0.734545455,0.685446009,0,0.067621777,1
1,6,1989,22.1,11.4,0,35.5,258.5,0.774545455,0.751173709,0,0.201719198,0.823045267
1,7,1989,25.8,14.8,0,36.7,274.8,0.909090909,0.910798122,0,0.208595989,0.878943759
1,8,1989,24.2,13.1,0,55.7,267.1,0.850909091,0.830985915,0,0.31747851,0.852537723
1,9,1989,20.7,12.6,0,10.8,131.2,0.723636364,0.807511737,0,0.06017192,0.38648834
1,10,1989,17.1,9.7,0,52.8,113.4,0.592727273,0.671361502,0,0.300859599,0.325445816
1,11,1989,10.9,3.7,6,23.8,107,0.367272727,0.389671362,0.214285714,0.134670487,0.303497942
1,12,1989,9.4,4.2,2,119.3,33.6,0.312727273,0.41314554,0.071428571,0.681948424,0.051783265
1,1,1990,10.2,4.4,0,71.1,57.6,0.341818182,0.422535211,0,0.405730659,0.134087791
1,2,1990,11.7,5.3,1,92.3,94.3,0.396363636,0.464788732,0.035714286,0.52722063,0.25994513
1,3,1990,13.6,4.8,1,6.9,154.6,0.465454545,0.441314554,0.035714286,0.03782235,0.466735254
1,4,1990,14.6,4.2,3,29.7,245,0.501818182,0.41314554,0.107142857,0.168481375,0.776748971
1,5,1990,20.5,9,0,4.1,287,0.716363636,0.638497653,0,0.021776504,0.920781893
1,6,1990,19.5,10.8,0,39.5,132.5,0.68,0.723004695,0,0.224641834,0.390946502
1,7,1990,24.7,13.2,0,6.9,273.2,0.869090909,0.835680751,0,0.03782235,0.87345679
1,8,1990,26,14.7,0,26.8,249.3,0.916363636,0.906103286,0,0.151862464,0.791495199
1,9,1990,19.7,10,0,24.9,173.4,0.687272727,0.685446009,0,0.140974212,0.531207133
1,10,1990,16.9,9.6,0,49.7,122.5,0.585454545,0.666666667,0,0.283094556,0.356652949
1,11,1990,10.7,5.1,0,22.1,70,0.36,0.455399061,0,0.124928367,0.176611797
1,12,1990,7.6,2.5,7,51.4,47.8,0.247272727,0.333333333,0.25,0.292836676,0.10048011
1,1,1991,7.3,1.8,3,69.7,68.4,0.236363636,0.300469484,0.107142857,0.397707736,0.171124829
1,2,1991,5.4,-1.3,16,34.7,48.5,0.167272727,0.154929577,0.571428571,0.19713467,0.102880658
1,3,1991,12.5,5.3,2,25.9,102.7,0.425454545,0.464788732,0.071428571,0.146704871,0.288751715
1,4,1991,13.1,4.8,2,52.8,158.5,0.447272727,0.441314554,0.071428571,0.300859599,0.480109739
1,5,1991,15.7,7.7,0,9.1,138.7,0.541818182,0.577464789,0,0.050429799,0.412208505
1,6,1991,17.8,9.7,0,88.6,135,0.618181818,0.671361502,0,0.506017192,0.39951989
1,7,1991,23.2,14.4,0,92.9,218.6,0.814545455,0.892018779,0,0.530659026,0.686213992
1,8,1991,24.1,14.4,0,26,241.7,0.847272727,0.892018779,0,0.147277937,0.765432099
1,9,1991,21.4,11.5,0,43.7,183,0.749090909,0.755868545,0,0.248710602,0.564128944
1,10,1991,14.6,7.6,0,18.5,87.1,0.501818182,0.572769953,0,0.104297994,0.235253772
1,11,1991,10.6,4.2,5,59.3,59.2,0.356363636,0.41314554,0.178571429,0.338108883,0.13957476
1,12,1991,8.3,1.7,12,12,60.7,0.272727273,0.295774648,0.428571429,0.067048711,0.144718793
1,1,1992,7.5,2,11,12.6,56,0.243636364,0.309859155,0.392857143,0.070487106,0.128600823
1,2,1992,9.5,2.3,8,17.7,50.3,0.316363636,0.323943662,0.285714286,0.099713467,0.109053498
1,3,1992,11.8,4.9,0,38.5,61.8,0.4,0.44600939,0,0.218911175,0.148491084
1,4,1992,14,5.6,1,57.1,129.7,0.48,0.478873239,0.035714286,0.325501433,0.381344307
1,5,1992,21,10.2,0,94.5,271.9,0.734545455,0.694835681,0,0.53982808,0.868998628
1,6,1992,22.5,12.3,0,22.5,213.7,0.789090909,0.79342723,0,0.12722063,0.669410151
1,7,1992,22.5,14.2,0,62.3,158.6,0.789090909,0.882629108,0,0.35530086,0.480452675
1,8,1992,21.7,13.6,0,84.7,149.2,0.76,0.854460094,0,0.483667622,0.448216735
1,9,1992,18.9,11,0,77.3,127.5,0.658181818,0.732394366,0,0.441260745,0.373799726
1,10,1992,12.5,5.3,3,59.4,112.6,0.425454545,0.464788732,0.107142857,0.338681948,0.322702332
1,11,1992,12,4.8,2,86.9,61.6,0.407272727,0.441314554,0.071428571,0.496275072,0.147805213
1,12,1992,7.8,1.6,12,35.9,49.1,0.254545455,0.291079812,0.428571429,0.204011461,0.104938272
1,1,1993,10.3,3.5,4,63.1,37.8,0.345454545,0.38028169,0.142857143,0.359885387,0.066186557
1,2,1993,7.2,2.5,2,2.4,51,0.232727273,0.333333333,0.071428571,0.012034384,0.111454047
1,3,1993,11.8,3.3,4,16,128.4,0.4,0.370892019,0.142857143,0.089971347,0.376886145
1,4,1993,14.6,6.8,0,75.3,126.9,0.501818182,0.535211268,0,0.429799427,0.371742112
1,5,1993,18,8.8,0,31.8,176.6,0.625454545,0.629107981,0,0.180515759,0.54218107
1,6,1993,21.8,12.2,0,43.9,224.2,0.763636364,0.788732394,0,0.249856734,0.705418381
1,7,1993,21.6,12.6,0,35,174.6,0.756363636,0.807511737,0,0.198853868,0.535322359
1,8,1993,21.6,11.7,0,23.8,219.4,0.756363636,0.765258216,0,0.134670487,0.688957476
1,9,1993,17.5,9.8,0,96.3,104.5,0.607272727,0.676056338,0,0.550143266,0.294924554
1,10,1993,13,7,1,123,117,0.443636364,0.544600939,0.035714286,0.703151862,0.337791495
1,11,1993,8.8,2.4,11,29.5,71.3,0.290909091,0.328638498,0.392857143,0.167335244,0.181069959
1,12,1993,9.2,3.6,3,73.8,52.4,0.305454545,0.384976526,0.107142857,0.421203438,0.116255144
1,1,1994,9.3,2.8,6,80,73.4,0.309090909,0.34741784,0.214285714,0.456733524,0.188271605
1,2,1994,7.7,1.2,8,42.6,72,0.250909091,0.272300469,0.285714286,0.242406877,0.183470508
1,3,1994,12.3,5.1,1,40,126.4,0.418181818,0.455399061,0.035714286,0.227507163,0.370027435
1,4,1994,13.3,5.1,1,52.8,175,0.454545455,0.455399061,0.035714286,0.300859599,0.536694102
1,5,1994,16,8.2,0,80.6,158.3,0.552727273,0.600938967,0,0.46017192,0.479423868
1,6,1994,21.5,11.2,0,17,265,0.752727273,0.741784038,0,0.095702006,0.845336077
1,7,1994,26.2,15.2,0,16.9,267.1,0.923636364,0.929577465,0,0.09512894,0.852537723
1,8,1994,23,13.8,0,32.2,180.9,0.807272727,0.863849765,0,0.182808023,0.556927298
1,9,1994,17.8,10.8,0,86.3,109.7,0.618181818,0.723004695,0,0.492836676,0.312757202
1,10,1994,15.4,7.7,0,76,141,0.530909091,0.577464789,0,0.433810888,0.420096022
1,11,1994,13.6,8.4,0,43.1,42.7,0.465454545,0.610328638,0,0.245272206,0.082990398
1,12,1994,10.7,4,6,63.3,60.8,0.36,0.403755869,0.214285714,0.361031519,0.145061728
1,1,1995,8.9,2.2,6,113.7,59.6,0.294545455,0.319248826,0.214285714,0.649856734,0.140946502
1,2,1995,10.7,4.4,1,71.9,70.9,0.36,0.422535211,0.035714286,0.410315186,0.179698217
1,3,1995,11.2,2,7,49.5,194.5,0.378181818,0.309859155,0.25,0.281948424,0.603566529
1,4,1995,15,6.1,3,16.9,199.5,0.516363636,0.502347418,0.107142857,0.09512894,0.620713306
1,5,1995,19,8.2,0,30,234.4,0.661818182,0.600938967,0,0.170200573,0.740397805
1,6,1995,20.7,10.8,0,11.1,187.7,0.723636364,0.723004695,0,0.061891117,0.580246914
1,7,1995,26.3,15.2,0,20.3,247.1,0.927272727,0.929577465,0,0.114613181,0.783950617
1,8,1995,27,15.6,0,0.3,295.3,0.952727273,0.948356808,0,0,0.949245542
1,9,1995,19.2,10.7,0,95,142.4,0.669090909,0.718309859,0,0.54269341,0.424897119
1,10,1995,18.3,10.2,0,19.2,129.9,0.636363636,0.694835681,0,0.108309456,0.382030178
1,11,1995,12,5.1,4,28.5,76.2,0.407272727,0.455399061,0.142857143,0.161604585,0.1978738
1,12,1995,5.8,1,13,82.8,44.7,0.181818182,0.262910798,0.464285714,0.47277937,0.089849108
1,1,1996,7.2,3.1,5,41.5,25.3,0.232727273,0.361502347,0.178571429,0.236103152,0.023319616
1,2,1996,6.8,0.1,17,49,100.3,0.218181818,0.220657277,0.607142857,0.279083095,0.280521262
1,3,1996,8.6,2.1,9,31.4,75.9,0.283636364,0.314553991,0.321428571,0.178223496,0.196844993
1,4,1996,14.3,5.5,3,25,147.5,0.490909091,0.474178404,0.107142857,0.141547278,0.442386831
1,5,1996,15.1,5.9,0,25.8,182.6,0.52,0.492957746,0,0.146131805,0.562757202
1,6,1996,22.8,11.3,0,12,282.7,0.8,0.746478873,0,0.067048711,0.906035665
1,7,1996,24.2,13.2,0,28.8,233.7,0.850909091,0.835680751,0,0.163323782,0.737997257
1,8,1996,23.1,13.4,0,45.8,217.6,0.810909091,0.845070423,0,0.260744986,0.682784636
1,9,1996,19.2,10.7,0,22,142,0.669090909,0.718309859,0,0.124355301,0.423525377
1,10,1996,16.6,8.9,0,35.4,142.3,0.574545455,0.633802817,0,0.201146132,0.424554184
1,11,1996,10.5,2.7,9,91,107.5,0.352727273,0.342723005,0.321428571,0.519770774,0.30521262
1,12,1996,6.2,1.4,11,13,57.6,0.196363636,0.281690141,0.392857143,0.07277937,0.134087791
1,1,1997,5.5,0.2,13,10.3,59.3,0.170909091,0.225352113,0.464285714,0.05730659,0.139917695
1,2,1997,10.8,4,4,55.1,58.1,0.363636364,0.403755869,0.142857143,0.314040115,0.135802469
1,3,1997,13.8,5.3,0,11.4,151,0.472727273,0.464788732,0,0.063610315,0.454389575
1,4,1997,15.6,5.4,1,9.8,218.5,0.538181818,0.469483568,0.035714286,0.054441261,0.685871056
1,5,1997,18.7,8.5,1,28.2,259.2,0.650909091,0.615023474,0.035714286,0.159885387,0.825445816
1,6,1997,20.2,12.2,0,78.6,151.6,0.705454545,0.788732394,0,0.448710602,0.456447188
1,7,1997,23.5,13.9,0,34.6,241.1,0.825454545,0.868544601,0,0.196561605,0.763374486
1,8,1997,25.8,16.6,0,70.5,194.2,0.909090909,0.995305164,0,0.402292264,0.602537723
1,9,1997,20.9,11.8,0,6.8,190.3,0.730909091,0.769953052,0,0.037249284,0.589163237
1,10,1997,15.9,7.5,3,44.9,166,0.549090909,0.568075117,0.107142857,0.255587393,0.505829904
1,11,1997,12.5,6.2,2,47.1,67.3,0.425454545,0.507042254,0.071428571,0.268194842,0.167352538
1,12,1997,9.5,4.2,4,47.4,48,0.316363636,0.41314554,0.142857143,0.26991404,0.101165981
1,1,1998,9.2,3.5,3,68.6,65.2,0.305454545,0.38028169,0.107142857,0.391404011,0.160150892
1,2,1998,11.6,3.5,5,6.6,113.1,0.392727273,0.38028169,0.178571429,0.036103152,0.32441701
1,3,1998,12.1,5.7,1,51.1,84.9,0.410909091,0.483568075,0.035714286,0.291117479,0.227709191
1,4,1998,12.7,5.7,0,82.6,115.4,0.432727273,0.483568075,0,0.471633238,0.332304527
1,5,1998,19.6,10.2,0,31.9,228.2,0.683636364,0.694835681,0,0.181088825,0.719135802
1,6,1998,19.9,12,0,89.6,158.4,0.694545455,0.779342723,0,0.511747851,0.479766804
1,7,1998,21.4,13,0,26.9,184.3,0.749090909,0.82629108,0,0.15243553,0.568587106
1,8,1998,23.5,12.7,0,16.6,262.6,0.825454545,0.812206573,0,0.093409742,0.837105624
1,9,1998,20.4,12.7,0,101.2,149.1,0.712727273,0.812206573,0,0.578223496,0.4478738
1,10,1998,14.7,8.6,0,103.8,96.7,0.505454545,0.61971831,0,0.593123209,0.268175583
1,11,1998,9.6,3.4,4,57,78.5,0.32,0.375586854,0.142857143,0.324928367,0.205761317
1,12,1998,9.7,3.8,7,49.2,42.4,0.323636364,0.394366197,0.25,0.280229226,0.081961591
1,1,1999,9.4,3.8,3,68.7,53.7,0.312727273,0.394366197,0.107142857,0.391977077,0.120713306
1,2,1999,8.8,2.8,7,21.1,90.1,0.290909091,0.34741784,0.25,0.119197708,0.245541838
1,3,1999,12.2,5,2,25.6,122.5,0.414545455,0.450704225,0.071428571,0.144985673,0.356652949
1,4,1999,14.9,6.3,1,35,167.8,0.512727273,0.511737089,0.035714286,0.198853868,0.512002743
1,5,1999,19.1,10.2,0,35.8,184.9,0.665454545,0.694835681,0,0.203438395,0.570644719
1,6,1999,20.3,11,0,98.2,239.1,0.709090909,0.732394366,0,0.561031519,0.756515775
1,7,1999,24.9,14.3,0,8.6,275.9,0.876363636,0.887323944,0,0.04756447,0.882716049
1,8,1999,22.8,14,0,124.8,199.8,0.8,0.873239437,0,0.713467049,0.621742112
1,9,1999,21.3,13.2,0,86.7,165,0.745454545,0.835680751,0,0.49512894,0.502400549
1,10,1999,15.6,7.9,0,49.2,160.5,0.538181818,0.58685446,0,0.280229226,0.48696845
1,11,1999,11.3,5.9,0,31.2,79,0.381818182,0.492957746,0,0.177077364,0.207475995
1,12,1999,8.7,2.4,7,77.2,75.3,0.287272727,0.328638498,0.25,0.440687679,0.19478738
1,1,2000,8.6,2.4,7,16.5,78.6,0.283636364,0.328638498,0.25,0.092836676,0.206104252
1,2,2000,10.4,3.8,5,62.2,102.5,0.349090909,0.394366197,0.178571429,0.354727794,0.288065844
1,3,2000,12.1,4.9,1,16,120.4,0.410909091,0.44600939,0.035714286,0.089971347,0.349451303
1,4,2000,12.9,5.4,0,99.6,135.8,0.44,0.469483568,0,0.569054441,0.402263374
1,5,2000,18,9.6,0,87.2,202.9,0.625454545,0.666666667,0,0.497994269,0.632373114
1,6,2000,21,12.8,0,19.2,169.5,0.734545455,0.816901408,0,0.108309456,0.517832647
1,7,2000,21,12.8,0,52.8,174.7,0.734545455,0.816901408,0,0.300859599,0.535665295
1,8,2000,23.2,14,0,32.3,211.4,0.814545455,0.873239437,0,0.183381089,0.661522634
1,9,2000,20.1,12.5,0,105.8,132.1,0.701818182,0.802816901,0,0.604584527,0.38957476
1,10,2000,14.7,8.5,0,155.4,98,0.505454545,0.615023474,0,0.888825215,0.272633745
1,11,2000,11,4.5,1,99.5,74.9,0.370909091,0.427230047,0.035714286,0.568481375,0.193415638
1,12,2000,9,4.6,5,73.9,50,0.298181818,0.431924883,0.178571429,0.421776504,0.108024691
1,1,2001,7.1,1.8,9,75.2,87,0.229090909,0.300469484,0.321428571,0.429226361,0.234910837
1,2,2001,9.2,2.8,5,69.6,92.3,0.305454545,0.34741784,0.178571429,0.39713467,0.25308642
1,3,2001,9.5,3.8,3,95.3,78.2,0.316363636,0.394366197,0.107142857,0.544412607,0.20473251
1,4,2001,12.8,5.4,0,66.5,138.5,0.436363636,0.469483568,0,0.379369628,0.411522634
1,5,2001,18.8,9.1,0,26,228,0.654545455,0.643192488,0,0.147277937,0.718449931
1,6,2001,20.8,11.3,0,39.1,248,0.727272727,0.746478873,0,0.22234957,0.787037037
1,7,2001,24.3,14.5,0,35.2,229.1,0.854545455,0.896713615,0,0.2,0.722222222
1,8,2001,23.5,14.5,0,79,210.9,0.825454545,0.896713615,0,0.451002865,0.659807956
1,9,2001,18.1,10.8,0,59.6,143.3,0.629090909,0.723004695,0,0.33982808,0.427983539
1,10,2001,17.6,11.3,0,108.2,109.9,0.610909091,0.746478873,0,0.618338109,0.313443073
1,11,2001,11.3,4.4,3,33.8,88.3,0.381818182,0.422535211,0.107142857,0.191977077,0.239368999
1,12,2001,7.3,1.4,11,17.8,93.3,0.236363636,0.281690141,0.392857143,0.100286533,0.256515775
1,1,2002,9.5,3.5,6,51,53.4,0.316363636,0.38028169,0.214285714,0.290544413,0.119684499
1,2,2002,11.3,4.8,2,64,91.4,0.381818182,0.441314554,0.071428571,0.36504298,0.25
1,3,2002,12.4,5.1,2,37.6,111.3,0.421818182,0.455399061,0.071428571,0.213753582,0.31824417
1,4,2002,15.7,6.1,0,38.4,220.5,0.541818182,0.502347418,0,0.218338109,0.692729767
1,5,2002,17.3,9.4,0,66.4,192.2,0.6,0.657276995,0,0.378796562,0.595679012
1,6,2002,20.1,11.6,0,74.2,191.5,0.701818182,0.76056338,0,0.423495702,0.593278464
1,7,2002,22.3,13.5,0,67.2,193.9,0.781818182,0.849765258,0,0.383381089,0.601508916
1,8,2002,23.3,14.7,0,36.3,190.4,0.818181818,0.906103286,0,0.206303725,0.589506173
1,9,2002,20.3,11.5,0,20,178.2,0.709090909,0.755868545,0,0.112893983,0.547668038
1,10,2002,15.3,8.4,0,61.6,109.2,0.527272727,0.610328638,0,0.351289398,0.311042524
1,11,2002,12.4,7,0,151,66.1,0.421818182,0.544600939,0,0.863610315,0.163237311
1,12,2002,9,5.2,0,119,34.1,0.298181818,0.460093897,0,0.680229226,0.053497942
1,1,2003,8,2.3,10,73.6,93.6,0.261818182,0.323943662,0.357142857,0.420057307,0.257544582
1,2,2003,8.4,1.8,10,20.8,101.2,0.276363636,0.300469484,0.357142857,0.11747851,0.283607682
1,3,2003,13.6,4.4,0,16.4,176.9,0.465454545,0.422535211,0,0.09226361,0.543209877
1,4,2003,15.7,6.3,3,30,198,0.541818182,0.511737089,0.107142857,0.170200573,0.615569273
1,5,2003,18.2,9,0,39.1,205.5,0.632727273,0.638497653,0,0.22234957,0.641289438
1,6,2003,23.3,13.3,0,47.6,245.5,0.818181818,0.840375587,0,0.271060172,0.778463649
1,7,2003,24.2,14.7,0,28.8,213.9,0.850909091,0.906103286,0,0.163323782,0.670096022
1,8,2003,26.4,15.7,0,10.4,255.3,0.930909091,0.953051643,0,0.057879656,0.812071331
1,9,2003,21.9,10.8,0,8.4,206.7,0.767272727,0.723004695,0,0.046418338,0.645404664
1,10,2003,14.5,6.4,0,35.2,160.7,0.498181818,0.516431925,0,0.2,0.487654321
1,11,2003,12.6,6.7,1,113.8,88.2,0.429090909,0.530516432,0.035714286,0.650429799,0.239026063
1,12,2003,8.8,3.2,3,51.4,58,0.290909091,0.366197183,0.107142857,0.292836676,0.135459534
1,1,2004,8.8,3.1,8,71.9,64,0.290909091,0.361502347,0.285714286,0.410315186,0.156035665
1,2,2004,8.7,3.8,7,26.2,65.3,0.287272727,0.394366197,0.25,0.148424069,0.160493827
1,3,2004,10.8,3.9,3,29.5,102.7,0.363636364,0.399061033,0.107142857,0.167335244,0.288751715
1,4,2004,14.9,6.3,0,68.8,155,0.512727273,0.511737089,0,0.392550143,0.468106996
1,5,2004,18.2,9.5,0,45,208.2,0.632727273,0.661971831,0,0.256160458,0.650548697
1,6,2004,22.1,12.6,0,40.4,236,0.774545455,0.807511737,0,0.229799427,0.745884774
1,7,2004,22.7,13.3,0,37.6,201.5,0.796363636,0.840375587,0,0.213753582,0.627572016
1,8,2004,23.8,15.1,0,107.8,213.3,0.836363636,0.924882629,0,0.616045845,0.668038409
1,9,2004,20.8,12.5,0,18.8,182.7,0.727272727,0.802816901,0,0.106017192,0.563100137
1,10,2004,15.3,9.1,0,96.6,101.2,0.527272727,0.643192488,0,0.551862464,0.283607682
1,11,2004,11.2,6.2,2,29.6,60.8,0.378181818,0.507042254,0.071428571,0.167908309,0.145061728
1,12,2004,8.8,2.9,5,46.4,48.2,0.290909091,0.352112676,0.178571429,0.264183381,0.101851852
1,1,2005,9.5,3.8,1,21.6,72.1,0.316363636,0.394366197,0.035714286,0.122063037,0.183813443
1,2,2005,7.3,2.5,7,19.7,62.4,0.236363636,0.333333333,0.25,0.111174785,0.150548697
1,3,2005,11.5,4.5,7,43.6,96.7,0.389090909,0.427230047,0.25,0.248137536,0.268175583
1,4,2005,14.6,6.2,1,30,153,0.501818182,0.507042254,0.035714286,0.170200573,0.461248285
1,5,2005,17.7,8.5,0,19.8,228.3,0.614545455,0.615023474,0,0.111747851,0.719478738
1,6,2005,22.8,12.9,0,32.6,219.3,0.8,0.821596244,0,0.185100287,0.68861454
1,7,2005,23.3,14.1,0,45.8,202.5,0.818181818,0.877934272,0,0.260744986,0.631001372
1,8,2005,23.2,13,0,42.4,250.4,0.814545455,0.82629108,0,0.241260745,0.79526749
1,9,2005,21.4,12.7,0,47.5,143.9,0.749090909,0.812206573,0,0.270487106,0.430041152
1,10,2005,17.8,11.3,0,73.4,89.9,0.618181818,0.746478873,0,0.418911175,0.244855967
1,11,2005,10.7,3.5,8,29.2,93.3,0.36,0.38028169,0.285714286,0.165616046,0.256515775
1,12,2005,8.2,1.9,8,44.4,65.7,0.269090909,0.305164319,0.285714286,0.252722063,0.161865569
1,1,2006,7.6,2.9,6,16.8,51.4,0.247272727,0.352112676,0.214285714,0.094555874,0.112825789
1,2,2006,7.2,1.7,5,41.2,62.9,0.232727273,0.295774648,0.178571429,0.234383954,0.152263374
1,3,2006,9.4,2.8,10,44.6,91.2,0.312727273,0.34741784,0.357142857,0.253868195,0.249314129
1,4,2006,14.1,6,0,33.4,132.3,0.483636364,0.497652582,0,0.189684814,0.390260631
1,5,2006,18,9.8,0,91.6,128.2,0.625454545,0.676056338,0,0.523209169,0.376200274
1,6,2006,23.7,12.9,0,11.8,225.3,0.832727273,0.821596244,0,0.065902579,0.709190672
1,7,2006,28.2,16.7,0,23.6,266.4,0.996363636,1,0,0.133524355,0.850137174
1,8,2006,22.2,13.5,0,68.8,140.2,0.778181818,0.849765258,0,0.392550143,0.417352538
1,9,2006,22.7,14.5,0,78.2,153.9,0.796363636,0.896713615,0,0.446418338,0.464334705
1,10,2006,17.8,11.2,0,64.4,106.3,0.618181818,0.741784038,0,0.367335244,0.301097394
1,11,2006,12.7,5.4,2,98,97,0.432727273,0.469483568,0.071428571,0.559885387,0.26920439
1,12,2006,9.7,4.5,5,63.6,41.2,0.323636364,0.427230047,0.178571429,0.362750716,0.077846365
1,1,2007,10.5,5.1,2,56,56.6,0.352727273,0.455399061,0.071428571,0.319197708,0.130658436
1,2,2007,9.9,3.9,5,92.9,59.3,0.330909091,0.399061033,0.178571429,0.530659026,0.139917695
1,3,2007,12.5,4.4,2,43.8,164.7,0.425454545,0.422535211,0.071428571,0.249283668,0.501371742
1,4,2007,18.9,7.7,0,3.6,224.6,0.658181818,0.577464789,0,0.018911175,0.706790123
1,5,2007,17.9,9.7,0,80,149.6,0.621818182,0.671361502,0,0.456733524,0.449588477
1,6,2007,21.2,12.6,0,63.8,139.7,0.741818182,0.807511737,0,0.363896848,0.41563786
1,7,2007,21.4,13.1,0,115.2,159.9,0.749090909,0.830985915,0,0.658452722,0.484910837
1,8,2007,21.5,12.9,0,41,192.6,0.752727273,0.821596244,0,0.233237822,0.597050754
1,9,2007,19.9,11.4,0,17.4,141.1,0.694545455,0.751173709,0,0.097994269,0.420438957
1,10,2007,15.4,8.5,0,37.8,98.4,0.530909091,0.615023474,0,0.214899713,0.274005487
1,11,2007,11.4,4.6,3,84.8,81.3,0.385454545,0.431924883,0.107142857,0.484240688,0.215363512
1,12,2007,8.9,3.1,9,44.6,61.4,0.294545455,0.361502347,0.321428571,0.253868195,0.147119342
1,1,2008,10.4,4.7,0,69,60.2,0.349090909,0.436619718,0,0.393696275,0.143004115
1,2,2008,11,2,7,15.4,130,0.370909091,0.309859155,0.25,0.086532951,0.382373114
1,3,2008,10.6,3.7,2,69.8,85.7,0.356363636,0.389671362,0.071428571,0.398280802,0.230452675
1,4,2008,13.7,5.2,2,63.4,140.3,0.469090909,0.460093897,0.071428571,0.361604585,0.417695473
1,5,2008,19.8,10.5,0,64.2,162.6,0.690909091,0.708920188,0,0.366189112,0.494170096
1,6,2008,20.8,11.9,0,45.6,201.9,0.727272727,0.774647887,0,0.259598854,0.628943759
1,7,2008,22.8,13.7,0,76.8,172.5,0.8,0.85915493,0,0.438395415,0.528120713
1,8,2008,21.5,14.2,0,64.4,104.3,0.752727273,0.882629108,0,0.367335244,0.294238683
1,9,2008,18.5,11.2,0,43,110.7,0.643636364,0.741784038,0,0.24469914,0.316186557
1,10,2008,15,6.8,1,45,134.4,0.516363636,0.535211268,0.035714286,0.256160458,0.397462277
1,11,2008,10.7,5.2,2,58.8,42.2,0.36,0.460093897,0.071428571,0.335243553,0.08127572
1,12,2008,7.3,1.7,11,41.2,65.1,0.236363636,0.295774648,0.392857143,0.234383954,0.159807956
1,1,2009,6.8,0.3,13,72.4,63.2,0.218181818,0.230046948,0.464285714,0.413180516,0.153292181
1,2,2009,7.8,2.1,10,69.6,59.2,0.254545455,0.314553991,0.357142857,0.39713467,0.13957476
1,3,2009,12.9,3.7,2,30,158.5,0.44,0.389671362,0.071428571,0.170200573,0.480109739
1,4,2009,16.1,7.2,0,28,172.8,0.556363636,0.55399061,0,0.158739255,0.52914952
1,5,2009,19.1,9.4,0,29.8,193.9,0.665454545,0.657276995,0,0.169054441,0.601508916
1,6,2009,22.4,12.2,0,34,192.8,0.785454545,0.788732394,0,0.193123209,0.597736626
1,7,2009,23,13.7,0,71.4,155.8,0.807272727,0.85915493,0,0.407449857,0.47085048
1,8,2009,23.9,14.1,0,39.6,167.6,0.84,0.877934272,0,0.2252149,0.511316872
1,9,2009,20.5,12,0,36,137.3,0.716363636,0.779342723,0,0.204584527,0.407407407
1,10,2009,16.3,9.3,0,39.4,84.7,0.563636364,0.65258216,0,0.224068768,0.22702332
1,11,2009,12.6,7.4,0,148,62.4,0.429090909,0.563380282,0,0.846418338,0.150548697
1,12,2009,7,1.3,12,84.6,60.3,0.225454545,0.276995305,0.428571429,0.483094556,0.143347051
1,1,2010,4.5,-0.3,15,51.8,51.3,0.134545455,0.201877934,0.535714286,0.29512894,0.112482853
1,2,2010,6.9,1.7,8,100.4,46.7,0.221818182,0.295774648,0.285714286,0.573638968,0.096707819
1,3,2010,11.1,3.7,4,39.8,106.4,0.374545455,0.389671362,0.142857143,0.226361032,0.301440329
1,4,2010,15.8,5.6,0,23.2,201.7,0.545454545,0.478873239,0,0.131232092,0.628257888
1,5,2010,17.3,7.7,0,20.6,170.4,0.6,0.577464789,0,0.116332378,0.520919067
1,6,2010,23.5,12.1,0,12.4,220.1,0.825454545,0.784037559,0,0.069340974,0.691358025
1,7,2010,25,15.1,0,18,161.8,0.88,0.924882629,0,0.101432665,0.491426612
1,8,2010,21.6,13.2,0,88.6,110.9,0.756363636,0.835680751,0,0.506017192,0.316872428
1,9,2010,19.4,11.2,0,38.2,128.7,0.676363636,0.741784038,0,0.217191977,0.377914952
1,10,2010,15.2,8.3,1,74.8,104,0.523636364,0.605633803,0.035714286,0.426934097,0.293209877
1,11,2010,9.1,4,7,32.2,50,0.301818182,0.403755869,0.25,0.182808023,0.108024691
1,12,2010,3.9,-1.5,21,21.4,18.5,0.112727273,0.145539906,0.75,0.120916905,0
1,1,2011,7.4,2.8,8,76.8,35.6,0.24,0.34741784,0.285714286,0.438395415,0.058641975
1,2,2011,10.2,4.8,1,42.8,36.2,0.341818182,0.441314554,0.035714286,0.243553009,0.060699588
1,3,2011,12.3,3.8,4,14.6,126.4,0.418181818,0.394366197,0.142857143,0.081948424,0.370027435
1,4,2011,19.7,8.6,0,2.4,218,0.687272727,0.61971831,0,0.012034384,0.684156379
1,5,2011,19.4,9.4,0,24.6,218,0.676363636,0.657276995,0,0.139255014,0.684156379
1,6,2011,20.7,11,0,84,173.5,0.723636364,0.732394366,0,0.47965616,0.531550069
1,7,2011,21.7,12.6,0,49.8,173.6,0.76,0.807511737,0,0.283667622,0.531893004
1,8,2011,21.8,13.4,0,68.8,144.1,0.763636364,0.845070423,0,0.392550143,0.430727023
1,9,2011,21.3,12.4,0,35,161.2,0.745454545,0.798122066,0,0.198853868,0.489368999
1,10,2011,18.1,10.1,0,18.4,140.4,0.629090909,0.690140845,0,0.103724928,0.418038409
1,11,2011,13.6,7.3,0,29,52.5,0.465454545,0.558685446,0,0.164469914,0.11659808
1,12,2011,9.9,3.8,4,63,60.6,0.330909091,0.394366197,0.142857143,0.359312321,0.144375857
1,1,2012,9.8,3.4,7,34.4,68.5,0.327272727,0.375586854,0.25,0.195415473,0.171467764
1,2,2012,8,1.3,12,16.8,84.9,0.261818182,0.276995305,0.428571429,0.094555874,0.227709191
1,3,2012,14.7,4.7,0,16.2,180.3,0.505454545,0.436619718,0,0.091117479,0.554869684
1,4,2012,13.3,4.9,1,98.4,141.7,0.454545455,0.44600939,0.035714286,0.56217765,0.422496571
1,5,2012,18.2,9.7,0,25.4,166.6,0.632727273,0.671361502,0,0.143839542,0.507887517
1,6,2012,19.4,11.6,0,110.8,118.5,0.676363636,0.76056338,0,0.633237822,0.342935528
1,7,2012,21.3,13.2,0,71.8,161.6,0.745454545,0.835680751,0,0.40974212,0.490740741
1,8,2012,23.5,14.3,0,36.4,182.6,0.825454545,0.887323944,0,0.206876791,0.562757202
1,9,2012,20,10.3,0,41.2,178.9,0.698181818,0.699530516,0,0.234383954,0.550068587
1,10,2012,14.2,8,0,88.4,85.6,0.487272727,0.591549296,0,0.50487106,0.230109739
1,11,2012,11,4.6,1,71.8,75.4,0.370909091,0.431924883,0.035714286,0.40974212,0.195130316
1,12,2012,9,2.6,10,95.8,58,0.298181818,0.338028169,0.357142857,0.547277937,0.135459534
1,1,2013,6.5,2,13,50.1,34.5,0.207272727,0.309859155,0.464285714,0.285386819,0.054869684
1,2,2013,6.7,1.2,4,32.8,64.9,0.214545455,0.272300469,0.142857143,0.186246418,0.159122085
1,3,2013,6.9,1.2,11,52.8,62.3,0.221818182,0.272300469,0.392857143,0.300859599,0.150205761
1,4,2013,13.5,4.7,3,34,162.8,0.461818182,0.436619718,0.107142857,0.193123209,0.494855967
1,5,2013,16.4,7.7,0,41.8,163.3,0.567272727,0.577464789,0,0.23782235,0.496570645
1,6,2013,20.3,11.2,0,11.6,157.5,0.709090909,0.741784038,0,0.064756447,0.476680384
1,7,2013,27,15.2,0,25.2,268.2,0.952727273,0.929577465,0,0.14269341,0.856310014
1,8,2013,24.3,14.3,0,32.6,198.7,0.854545455,0.887323944,0,0.185100287,0.617969822
1,9,2013,19.7,11.1,0,49.6,118.9,0.687272727,0.737089202,0,0.28252149,0.34430727
1,10,2013,17,10.6,0,81.4,89.6,0.589090909,0.713615023,0,0.464756447,0.24382716
1,11,2013,10.4,4.7,1,50,80.4,0.349090909,0.436619718,0.035714286,0.284813754,0.212277092
1,12,2013,10.2,3.5,3,98.2,51.3,0.341818182,0.38028169,0.107142857,0.561031519,0.112482853
1,1,2014,10,3.8,1,162.4,68.3,0.334545455,0.394366197,0.035714286,0.928939828,0.170781893
1,2,2014,10.6,4.4,0,89.8,91.7,0.356363636,0.422535211,0,0.512893983,0.251028807
1,3,2014,14.1,4.4,1,27.8,161.4,0.483636364,0.422535211,0.035714286,0.157593123,0.49005487
1,4,2014,16.1,7.5,0,58,156.9,0.556363636,0.568075117,0,0.330659026,0.474622771
1,5,2014,18,9.8,0,84.6,178.8,0.625454545,0.676056338,0,0.483094556,0.549725652
1,6,2014,22.1,12.5,0,40.8,220.2,0.774545455,0.802816901,0,0.232091691,0.69170096
1,7,2014,25.8,15,0,50,246.4,0.909090909,0.920187793,0,0.284813754,0.781550069
1,8,2014,21.7,12.7,0,97.6,183.6,0.76,0.812206573,0,0.557593123,0.566186557
1,9,2014,21.5,12.8,0,10.8,134.6,0.752727273,0.816901408,0,0.06017192,0.398148148
1,10,2014,17.6,11,0,76,103.8,0.610909091,0.732394366,0,0.433810888,0.292524005
1,11,2014,12.5,6.9,1,128.4,51.1,0.425454545,0.539906103,0.035714286,0.734097421,0.111796982
1,12,2014,9.2,3,7,37.8,71.6,0.305454545,0.356807512,0.25,0.214899713,0.182098765
1,1,2015,8.8,1.6,10,63.4,62,0.290909091,0.291079812,0.357142857,0.361604585,0.149176955
1,2,2015,8,1.8,8,38.6,63.9,0.261818182,0.300469484,0.285714286,0.219484241,0.15569273
1,3,2015,11.6,4.1,1,24,140.7,0.392727273,0.408450704,0.035714286,0.135816619,0.419067215
1,4,2015,16.3,6,0,16.2,212.1,0.563636364,0.497652582,0,0.091117479,0.663923182
1,5,2015,17.6,8.8,0,41.6,189,0.610909091,0.629107981,0,0.236676218,0.584705075
1,6,2015,22.2,11.4,0,12.2,197,0.778181818,0.751173709,0,0.068194842,0.612139918
1,7,2015,23.7,13.8,0,71.8,189.7,0.832727273,0.863849765,0,0.40974212,0.587105624
1,8,2015,22.2,14.1,0,116.8,134.1,0.778181818,0.877934272,0,0.667621777,0.396433471
1,9,2015,18.6,10.2,0,50,162.3,0.647272727,0.694835681,0,0.284813754,0.493141289
1,10,2015,15.8,9.3,0,39.8,94.2,0.545454545,0.65258216,0,0.226361032,0.259602195
1,11,2015,13.4,8,2,48.2,27.7,0.458181818,0.591549296,0.071428571,0.274498567,0.031550069
1,12,2015,13.7,8.9,0,39.4,35,0.469090909,0.633802817,0,0.224068768,0.056584362
1,1,2016,9.5,3,5,74.8,54.8,0.316363636,0.356807512,0.178571429,0.426934097,0.124485597
1,2,2016,9.4,2.9,5,43.8,86.8,0.312727273,0.352112676,0.178571429,0.249283668,0.234224966
1,3,2016,10.7,3.2,3,72.8,123.3,0.36,0.366197183,0.107142857,0.415472779,0.359396433
1,4,2016,13.5,4.9,0,47.2,170,0.461818182,0.44600939,0,0.268767908,0.519547325
1,5,2016,19,9.7,0,60.4,192.7,0.661818182,0.671361502,0,0.344412607,0.59739369
1,6,2016,20.7,12.7,0,93.4,101.7,0.723636364,0.812206573,0,0.533524355,0.285322359
1,7,2016,24,14.5,0,16,182.8,0.843636364,0.896713615,0,0.089971347,0.563443073
1,8,2016,24.7,14.6,0,21.6,201.4,0.869090909,0.901408451,0,0.122063037,0.627229081
1,9,2016,22.4,13.7,0,42.2,122.1,0.785454545,0.85915493,0,0.240114613,0.355281207
1,10,2016,15.9,8.7,0,21.6,105.6,0.549090909,0.624413146,0,0.122063037,0.298696845
1,11,2016,10.5,3.8,3,86.4,77.4,0.352727273,0.394366197,0.107142857,0.493409742,0.201989026
1,12,2016,10.2,3.4,7,10.4,55.1,0.341818182,0.375586854,0.25,0.057879656,0.125514403
1,1,2017,7.6,0.7,15,60.2,64.5,0.247272727,0.248826291,0.535714286,0.343266476,0.157750343
1,2,2017,10,4.4,1,38.2,47.8,0.334545455,0.422535211,0.035714286,0.217191977,0.10048011
1,3,2017,14.1,6.6,0,25.8,116.3,0.483636364,0.525821596,0,0.146131805,0.335390947
1,4,2017,15.8,5.9,0,4.6,186.2,0.545454545,0.492957746,0,0.024641834,0.575102881
1,5,2017,19.8,10.4,0,64.8,164.8,0.690909091,0.704225352,0,0.369627507,0.501714678
1,6,2017,24,13.9,0,46.4,204.3,0.843636364,0.868544601,0,0.264183381,0.637174211
1,7,2017,23.8,14.9,0,90,178,0.836363636,0.915492958,0,0.514040115,0.546982167
1,8,2017,22,13.5,0,58.6,174.9,0.770909091,0.849765258,0,0.334097421,0.536351166
1,9,2017,19.2,11,0,59,120.1,0.669090909,0.732394366,0,0.336389685,0.348422497
1,10,2017,17.1,10.3,0,9.2,84.6,0.592727273,0.699530516,0,0.051002865,0.226680384
1,11,2017,11.1,4.5,2,34.2,66.7,0.374545455,0.427230047,0.071428571,0.194269341,0.165294925
1,12,2017,8.7,2.9,7,81.2,43.8,0.287272727,0.352112676,0.25,0.463610315,0.086762689
1,1,2018,9.7,3.8,1,58,46.5,0.323636364,0.394366197,0.035714286,0.330659026,0.096021948
1,2,2018,6.7,0.6,12,29,92,0.214545455,0.244131455,0.428571429,0.164469914,0.252057613
1,3,2018,9.8,3,6,81.2,70.3,0.327272727,0.356807512,0.214285714,0.463610315,0.177640604
1,4,2018,15.5,7.9,0,65.2,113.4,0.534545455,0.58685446,0,0.371919771,0.325445816
1,5,2018,20.8,9.8,0,58.4,248.3,0.727272727,0.676056338,0,0.332951289,0.788065844
1,6,2018,24.2,13.1,0,0.4,234.5,0.850909091,0.830985915,0,0.000573066,0.740740741
1,7,2018,28.3,16.4,0,14.8,272.5,1,0.985915493,0,0.083094556,0.871056241
1,8,2018,24.5,14.5,0,48.2,182.1,0.861818182,0.896713615,0,0.274498567,0.561042524
1,9,2018,20.9,11,0,29.4,195,0.730909091,0.732394366,0,0.166762178,0.605281207
1,10,2018,16.5,8.5,1,61,137,0.570909091,0.615023474,0.035714286,0.347851003,0.406378601
1,11,2018,12.2,5.8,1,73.8,72.9,0.414545455,0.488262911,0.035714286,0.421203438,0.186556927
1,12,2018,10.7,5.2,2,60.6,40.3,0.36,0.460093897,0.071428571,0.345558739,0.074759945
1,1,2019,7.6,2,9,33.2,56.4,0.247272727,0.309859155,0.321428571,0.188538682,0.129972565
1,2,2019,12.4,3.3,3,34.2,120.2,0.421818182,0.370892019,0.107142857,0.194269341,0.348765432
1,3,2019,13.1,5.8,0,49.6,119,0.447272727,0.488262911,0,0.28252149,0.344650206
1,4,2019,15.8,5.7,1,12.8,170.1,0.545454545,0.483568075,0.035714286,0.071633238,0.519890261
