010110022,2.75992E-05,0,2.00988E-05,0,0,2.13125E-05,0.999930989,0,0
011202212,0.866153138,0,0,0,0.133846862,0,0,0,0
212212100,0,0,0,0,0,0,0,0.993971355,0.006028645
011000022,0.763696056,0,0,4.12892E-05,0.000525569,0.000650389,0.235086697,0,0
221012211,0,0,0,1,0,0,0,0,0
122012100,0,0,0,0.741804299,0,0,0,0.000467895,0.257727806
010000212,4.14366E-05,0,1.58938E-05,1.10939E-05,0.999917767,1.38089E-05,0,0,0
211201000,0,0,0,0,0.00158139,0,0.998265579,1.22796E-05,0.000140752
000021020,0.000783546,0.961279191,0.00040328,0.035928414,0.000324128,7.19526E-06,0.00082306,6.88762E-07,0.000450496
012221112,1,0,0,0,0,0,0,0,0
010112220,0.049741475,0,1.90144E-05,0,0,0,0,0,0.950239511
122000102,0,0,0,0.998816415,0.000859195,1.33206E-05,0,0.000311069,0
202012110,0,0.881210416,0,4.26479E-05,0,0,0,0,0.118746936
212011220,0,0,0,0.995048842,0,0,0,0,0.004951158
120112212,0,0,1,0,0,0,0,0,0
221120211,0,0,0,0,0,1,0,0,0
212112200,0,0,0,0,0,0,0,0.999552351,0.000447649
200112210,0,0.999903976,1.18769E-05,0,0,0,0,0,8.41474E-05
221120101,0,0,0,0,0,0.001240588,0,0.998759412,0
020110021,0.999288944,0,0.000181082,0,0,0.000271655,0.000258318,0,0
211201012,0,0,0,0,0.412776575,0,0.587223425,0,0
210000002,0,0,0.999328659,9.64539E-05,0.000110022,9.18539E-05,8.69066E-05,0.000286105,0
020102100,0.999879446,0,8.54396E-06,0,9.52893E-05,0,0,3.39997E-06,1.33206E-05
212002010,0,0,0,0.000282001,0.999651512,0,1.00416E-05,0,5.64453E-05
211022121,0,0,0,1,0,0,0,0,0
112120021,0,0,0,0,0,0.013932475,0.986067525,0,0
002220110,0.048872889,1.125E-05,0,0.000436913,0,0.808072327,0,2.2695E-05,0.142583927
011020002,0.995225131,0,0,5.14786E-05,0,0.000667695,0.002496863,0.001558834,0
110202212,0,0,0.874014209,0,0.125985791,0,0,0,0
010211020,0.021285497,3.61611E-06,0.000336579,0.000111862,0,0.117024901,0.062109942,0.468396267,0.330731335
121200120,0,0,0,0,0.996101276,0.002910626,0,0,0.000988098
211012002,0,0,0,0.007316566,0,0,0.141228499,0.851454935,0
122000120,0,0,0,0.99976882,0.000191455,5.78339E-06,0,0,3.39411E-05
112000212,0,0,0,0.00048134,0.343283264,0.656235395,0,0,0
202010012,0,0.999823254,0,4.21235E-06,0,1.95014E-05,0.000153032,0,0
122012110,0,0,0,0.004868059,0,0,0,0,0.995131941
101102202,0,0.150834899,0,0,0.001214812,0,0,0.847950289,0
110022102,0,0,0.84471697,0.154665772,0,0,0,0.000617257,0
121100202,0,0,0,0,0.005572258,0.000121578,0,0.994306165,0
110020202,0,0,0.998152938,0.000161537,0,3.83624E-05,0,0.001647163,0
202121120,0,0.999706768,0,0,0,5.62227E-05,0,0,0.000237009
202112121,0,1,0,0,0,0,0,0,0
200012210,0,0.999814586,4.90453E-05,0.000116355,0,0,0,0,2.00136E-05
122012010,0,0,0,0.781002011,0,0,0.000293195,0,0.218704793
201112212,0,1,0,0,0,0,0,0,0
212112000,0,0,0,0,0,0,0.000417385,0.136361964,0.863220651
000200100,0.011771983,1.69588E-06,2.37677E-07,0,0.988222781,2.88815E-06,0,2.34321E-07,1.8058E-07
120211122,0,0,1,0,0,0,0,0,0
211221100,0,0,0,0,0,0,0,0.015631355,0.984368645
102210112,0,0.005666681,0,0,0,0.994333319,0,0,0
101120202,0,0.430317688,0,0,0,0.002488007,0,0.567194305,0
212012100,0,0,0,0.015143677,0,0,0,0.092291936,0.892564387
122020112,0,0,0,0.999395209,0,0.000604791,0,0,0
011202012,0.838538433,0,0,0,0.161244304,0,0.000217263,0,0
121000120,0,0,0,0.000300248,0.999356883,0.000147314,0,0,0.000195555
100202100,0,0.000192666,1.14868E-05,0,0.999112024,0,0,0.000566439,0.000117384
102010002,0,0.133779278,0,2.62796E-05,0,0.863445289,0.002685489,6.3664E-05,0
002211212,0.000350734,0.999649266,0,0,0,0,0,0,0
221110020,0,0,0,0,0,0.807826129,0.192152802,0,2.10697E-05
012022110,0.000210473,0,0,0.802914392,0,0,0,0,0.196875135
022012121,0.999766781,0,0,0.000233219,0,0,0,0,0
211022011,0,0,0,0.999729752,0,0,0.000270248,0,0
200221001,0,2.76272E-05,0.999947374,0,0,0,1.86198E-05,6.37872E-06,0
112001212,0,0,0,0.00038793,0.99961207,0,0,0,0
220110020,0,0,0.000133944,0,0,0.999821485,1.66187E-05,0,2.79524E-05
221012221,0,0,0,1,0,0,0,0,0
200210011,0,1.61329E-05,2.54843E-05,0,0,0.031762295,0.968196088,0,0
000211212,0.084634744,0.915080035,0.000285222,0,0,0,0,0,0
120201221,0,0,0.817729611,0,0.182270389,0,0,0,0
110220200,0,0,0.99966408,0,0,6.5385E-05,0,0.000152559,0.000117975
112020010,0,0,0,0.000240116,0,0.00044272,0.999049626,0,0.000267539
122221110,0,0,0,0,0,0,0,0,1
121100221,0,0,0,0,0.999646789,0.000353211,0,0,0
121022011,0,0,0,0.997173599,0,0,0.002826401,0,0
112002021,0,0,0,9.98817E-05,0.999894301,0,5.81742E-06,0,0
101020221,0,0.955700778,0,0.001068585,0,0.043230637,0,0,0
112011220,0,0,0,0.102455462,0,0,0,0,0.897544538
112012200,0,0,0,0.012696551,0,0,0,0.067072827,0.920230622
120122211,0,0,1,0,0,0,0,0,0
010000002,0.995956801,0,0.002155429,0.000604728,0.000261614,0.000159539,4.73455E-05,0.000814543,0
112002000,0,0,0,5.6939E-06,0.000108576,0,6.31752E-05,0.000265652,0.999556903
210210021,0,0,0.011519354,0,0,0.000657697,0.987822949,0,0
022122110,0.746200383,0,0,0,0,0,0,0,0.253799617
101220202,0,0.784715921,0,0.00823695,0.207047129,0,0,0,0
200101220,0,6.93225E-06,6.05179E-06,0,0.999982027,0,0,0,4.98902E-06
221110220,0,0,0,0,0,0.998949964,0,0,0.001050036
100112022,0,0.027561698,0.155130811,0,0,0,0.817307491,0,0
100202121,0,4.1454E-05,0.002652316,0,0.99730623,0,0,0,0
200201121,0,8.89453E-06,0.999975718,0,1.53871E-05,0,0,0,0
220211021,0,0,0.999751935,0,0,0,0.000248065,0,0
122001010,0.975773927,0,0,3.54194E-07,0.024172464,0,2.04149E-05,0,3.284E-05
122000112,0,0,0,0.894925142,0.002966803,0.102108055,0,0,0
022112100,0.967291967,0,0,0,0,0,0,5.39564E-05,0.032654076
121120002,0,0,0,0,0,0.00021354,0.062148671,0.937637789,0
101220002,0,0.987480708,0,0,0,2.75907E-05,0.012481217,1.04841E-05,0
120210102,0,0,0.999863383,0,0,2.67663E-05,0,0.000109851,0
202010210,0,0.999896695,0,5.25709E-05,0,2.81188E-05,0,0,2.26154E-05
211122010,0,0,0,0,0,0,0.014633034,0,0.985366966
102211212,0,1,0,0,0,0,0,0,0
112021012,0,0,0,0.002716222,0,0,0.997283778,0,0
101221002,0,0.987916462,0,0,0,0,0.007658099,0.004425439,0
211022201,0,0,1.7786E-05,0.999630476,0,0,0,0.000351738,0
121002021,0,0,0,9.40981E-05,0.999544754,0,0.000361148,0,0
010022110,0.000119927,0,0.000315897,0.999540936,0,0,0,0,2.32401E-05
100122201,0,2.73706E-05,0.99992094,0,0,0,0,5.16899E-05,0
100010022,0,0.099696266,2.96289E-05,0.000732489,0,0.000414311,0.899127305,0,0
101022021,0,0.851154102,0,0.148486276,0,0,0.000359623,0,0
221201112,0,0,0,0,1,0,0,0,0
202010112,0,0.908544878,0,0.000181818,0,0.091273303,0,0,0
110200000,2.16311E-06,0,0.985056336,0,0.000616727,0.002627122,0.004116901,0.000362746,0.007218005
101202102,0,0.065005944,0,0,0.934364849,0,0,0.000629207,0
101020212,0,0.991269716,0,0.008683489,0,4.67942E-05,0,0,0
110022112,0,0,0.834183179,0.165816821,0,0,0,0,0
202012010,0,0.999423455,0,0.000446981,0,0,0.000112805,0,1.67592E-05
211022211,0,0,0,1,0,0,0,0,0
122110200,0,0,0,0,0,0.419537452,0,0.006908948,0.5735536
212102010,0,0,0,0,0.901299956,0,0.000199065,0,0.098500978
022200011,0.000134599,0,0,0,1.68476E-05,1.37084E-05,0.999834845,0,0
102022101,0,0.013504783,0,0.923896,0,0,0,0.062599217,0
112020021,0,0,0,0.000222124,0,0.000500376,0.999277501,0,0
202121121,0,1,0,0,0,0,0,0,0
000220101,9.3089E-05,3.27004E-05,0.001429825,0,0,0.929247522,0,0.069196864,0
011212022,0.895600341,0,0,0,0,0,0.104399659,0,0
211110221,0,0,0,1,0,0,0,0,0
212101200,0,0,0,0,0.999689211,0,0,0.000175552,0.000135237
112220010,0,0,0,0,0,0.750732728,0.24919736,0,6.99125E-05
012212121,1,0,0,0,0,0,0,0,0
101121022,0,0.265828142,0,0,0,0,0.734171858,0,0
121101220,0,0,0,0,0.695508288,0,0,0,0.304491712
002012201,0.999956372,1.05271E-05,0,2.15587E-05,0,0,0,1.15417E-05,0
102110220,0,0.004436434,0,0,0,0.728706678,0,0,0.266856889
110120221,0,0,0.997630772,0,0,0.002369228,0,0,0
221010020,0,0,0,8.36877E-05,0,0.001260271,0.998476338,0,0.000179703
102021021,0,0.640974734,0,2.65018E-05,0,0,0.358998764,0,0
110122021,0,0.962227971,0.034013428,0,0,0,0.003758601,0,0
110202000,0,0,0.365788276,0,0.62552501,0,0.000308762,0.000161428,0.008216525
001210002,0.001187388,5.03269E-06,0,0,0,1.43397E-05,0.998786761,6.47851E-06,0
221220011,0,0,0,0,0,0.884184166,0.115815834,0,0
002210201,0.999830387,4.10455E-05,0,0,0,7.91874E-05,0,4.93803E-05,0
121221002,0,0,0,0,0,0,1,0,0
010211022,0.83073234,0,6.03765E-05,0,0,0,0.169207283,0,0
112220112,0,0,0,0,0,1,0,0,0
121221100,0,0,0,0,0,0,0,0.926549274,0.073450726
011122022,0.999824147,0,0,0,0,0,0.000175853,0,0
102121002,0,0.002030253,0,0,0,0,0.997959605,1.01419E-05,0
201002211,0,0.00011708,0,0.999856656,2.62642E-05,0,0,0,0
011002022,0.999952635,0,0,3.78284E-06,8.16868E-06,0,3.54132E-05,0,0
212101212,0,0,0,0,1,0,0,0,0
221011202,0,0,0,0.999494486,0,0,0,0.000505514,0
011122122,1,0,0,0,0,0,0,0,0
101012220,0,0.816416105,0,0.001343996,0,0,0,0,0.182239899
212211000,0,0,0,0,0,0,0.957435649,0.040710157,0.001854194
110220002,0,0,0.998053024,0,0,9.04517E-06,2.331E-05,0.001914621,0
011002202,0.999897636,0,0,6.6196E-05,2.20111E-05,0,0,1.41567E-05,0
110120202,0,0,0.897134677,0,0,0.000101604,0,0.102763719,0
102212110,0,0.012973105,0,0,0,0,0,0,0.987026895
011202002,0.999856431,0,0,0,6.96247E-06,0,2.2709E-05,0.000113898,0
121020201,0,0,0,0.005375792,0,0.052741721,0,0.941882488,0
100020100,0,0.000116948,0.000293337,0.999302523,0,0.000104047,0,3.11027E-05,0.000152043
000220001,0.998343294,0.000248344,0.000500457,0,0,5.32923E-05,0.000616389,0.000238224,0
100100202,0,0.000177188,3.90638E-05,0,0.000298851,5.93738E-05,0,0.999425523,0
211002012,0,0,0,0.000239195,0.999138354,0,0.000622451,0,0
020100120,0.917855003,0,5.04396E-05,0,0.082018069,1.30529E-05,0,0,6.3435E-05
011020212,0.996150219,0,0,0.003014547,0,0.000835233,0,0,0
011221022,0.999736629,0,0,0,0,0,0.000263371,0,0
020211212,0.002216327,0.995006751,0.000222839,0,0,0.002554083,0,0,0
002212101,0.947695258,2.51391E-05,0,0,0,0,0,0.052279603,0
211012221,0,0,0,1,0,0,0,0,0
012011220,0.001347997,0,0,0.06384892,0,0,0,0,0.934803083
110220211,0,0,0.244801273,0,0,0.755198727,0,0,0
200211100,0,0.935353135,0.000421778,0,0,0,0,4.52862E-05,0.064179801
020001021,0.000158502,0,0.629530259,0.000172612,0.368091383,0,0.002047244,0,0
121121200,0,0,0,0,0,0,0,0.989369067,0.010630933
101020200,0,0.090648159,0,0.029049677,0,0.026726992,0,0.025415596,0.828159576
112002010,0,0,0,0.000134323,0.000632211,0,0.001198757,0,0.998034709
002112000,2.58985E-06,0.004022342,0,0,0,0,0.035399835,0.000490732,0.960084502
000212010,0.001244516,0.967197441,0.026668406,0,0,0,4.20489E-05,0,0.004847588
000012210,0.000147608,0.999259752,0.000541616,3.77713E-05,0,0,0,0,1.32518E-05
102010122,0,0.004386443,0,0.047121316,0,0.948492241,0,0,0
022112121,1,0,0,0,0,0,0,0,0
202012211,0,0.999759579,0,0.000240421,0,0,0,0,0
211101022,0,0,0,0,0.74708127,0,0.25291873,0,0
020211221,0.879440598,0,0.120559402,0,0,0,0,0,0
211121020,0,0,0,0,0,0,0.02454465,0,0.97545535
210211020,0,0,0.078790297,0,0,0,0.920254031,0,0.000955672
101122220,0,0.999675953,0,0,0,0,0,0,0.000324047
201010221,0,0.024772473,0,0.927581097,1.57376E-05,0.047614955,1.5738E-05,0,0
112211020,0,0,0,0,0,0,0.98846966,0,0.01153034
221011220,0,0,0,0.929097892,0,0,0,0,0.070902108
112202121,0,0,0,0,1,0,0,0,0
112212100,0,0,0,0,0,0,0,0.007198867,0.992801133
101120220,0,0.855619319,0,0,0,0.000291739,0,0,0.144088942
110020221,0,0,0.998936519,0.000901662,0,0.000161819,0,0,0
121220110,0,0,0,0,0,0.999703314,0,0,0.000296686
022212011,0.785848225,0,0,0,0,0,0.214151775,0,0
112100212,0,0,0,0,0.672372619,0.327627381,0,0,0
002100122,0.999740279,1.63999E-06,0,0,1.44253E-05,0.000243656,0,0,0
112210220,0,0,0,0,0,0.822756273,0,0,0.177243727
121100220,0,0,0,0,0.807649525,0.000102169,0,0,0.192248306
122020011,0,0,0,1.27272E-05,0,1.39845E-05,0.999973288,0,0
211112002,0,0,0.001054391,0,0,0,0.954154452,0.04411548,0.000675676
112201221,0,0,0,0,1,0,0,0,0
012021010,1.49417E-05,0,0,7.58732E-06,0,0,0.999972286,0,5.18527E-06
201120121,0,0.116542105,0,0,0,0.325199658,0,0.558258237,0
002012210,1.09828E-05,0.999953402,0,1.57883E-05,0,0,0,0,1.98272E-05
122110022,0,0,0,0,0,0.902501223,0.097498777,0,0
112202210,0,0,0,0,0.995669233,0,0,0,0.004330767
211020020,0,0,0,0.000217592,0,0.00226775,0.996282566,0,0.001232092
112221001,0,0,0,0,0,0,0.995903799,0.004096201,0
011221122,1,0,0,0,0,0,0,0,0
001121020,4.99441E-06,0.998683817,0,0,0,0.001278749,2.7083E-05,0,5.35648E-06
021212211,1,0,0,0,0,0,0,0,0
211011202,0,0,0,0.248416547,0,0,0,0.751583453,0
220121211,0,0,1,0,0,0,0,0,0
121221210,0,0,0,0,0,0,0,0,1
221100120,0,0,0,0,0.999380095,0.000162686,0,0,0.00045722
200212010,0,0.998784464,0.000185128,0,0,0,1.78338E-05,0,0.001012574
221000102,0,0,8.10994E-08,0.002440637,0.997543045,8.26425E-06,0,7.97255E-06,0
221110202,0,0,0,0,0,0.999394938,0,0.000605062,0
121221000,0,0,0,0,0,0,0.000135603,0.976120489,0.023743908
112012120,0,0,0,0.010132025,0,0,0,0,0.989867975
000120100,9.04996E-05,0.008154759,0.024196401,0,0,0.010557261,0,0.008703259,0.94829782
121000202,0,0,0.004881325,0.124532939,0.029311769,0.00021958,0.004058388,0.834849918,0.00214608
110220221,0,0,0.999173577,0,0,0.000826423,0,0,0
001121122,0.697509504,0.302490496,0,0,0,0,0,0,0
101021022,0,0.823107421,0,0.000475352,0,0,0.176417227,0,0
101020122,0,0.98793744,0,0.011490438,0,0.000572122,0,0,0
200112012,0,0.883049914,0.116871374,0,0,0,7.87122E-05,0,0
122001021,0,0,0,0.000365669,0.996962913,0,0.002671418,0,0
221112020,0,0,0,0,0,0,0.99892693,0,0.00107307
212121100,0,0,0,0,0,0,0,0.058615199,0.941384801
100120021,0,0.999938716,1.10472E-05,0,0,4.81683E-05,2.06865E-06,0,0
211021200,0,0,0,0.229226287,0,0,0,0.000237597,0.770536116
220112112,0,0,1,0,0,0,0,0,0
211101202,0,0,0,0,0.797096241,0,0,0.202903759,0
220212110,0,0,0.914725113,0,0,0,0,0,0.085274887
122010122,0,0,0,0.999317642,0,0.000682358,0,0,0
220110102,0,0,0.909938037,0,0,0.089732649,0,0.000329314,0
101221212,0,1,0,0,0,0,0,0,0
121001202,0,0,0,0.000177145,8.81786E-05,0,0,0.999734676,0
102220101,0,0.000220363,0,0,0,0.94295069,0,0.056828947,0
011210220,0.968561789,0,0,0,0,6.23694E-05,0,0,0.031375842
121122001,0,0,0,0,0,0,0.001434387,0.998565613,0
001120002,0.999949586,8.44053E-06,0,0,0,3.4536E-06,9.59961E-06,2.89205E-05,0
020120000,0.000350375,0,0.000129292,1.17657E-05,0,0.571059561,0.003936387,0.424282714,0.000229906
000102122,0.984433232,0.015460319,3.5598E-06,0,0.000102889,0,0,0,0
122010120,0,0,0,0.950823834,0,0.00023657,0,0,0.048939597
102210212,0,0.99989731,0,0,0,0.00010269,0,0,0
110122200,0,0,0.99731873,0,0,0,0,0.002617046,6.42235E-05
012121122,1,0,0,0,0,0,0,0,0
021001122,0.007879988,0,0,2.86195E-05,0.992091392,0,0,0,0
120112012,0,0,0.99988636,0,0,0,0.00011364,0,0
200112102,0,2.66031E-05,0.999958608,0,0,0,0,1.47889E-05,0
110022201,0,0,0.943433731,0.056471123,0,0,0,9.5146E-05,0
110022212,0,0,0.996095384,0.003904616,0,0,0,0,0
101022121,0,0.735646322,0,0.264353678,0,0,0,0,0
120012012,0,0,0.999701442,0.000170762,0,0,0.000127796,0,0
202112211,0,1,0,0,0,0,0,0,0
112112200,0,0,0,0,0,0,0,0.009237296,0.990762704
121122002,0,0,0,0,0,0,0.998925996,0.001074004,0
212201112,0,0,0,0,1,0,0,0,0
010221210,0.275570477,0,0.724406605,0,0,0,0,0,2.29176E-05
112122020,0,0,0,0,0,0,0.9919655,0,0.0080345
110122012,0,0,0.980326905,0,0,0,0.019673095,0,0
112102200,0,0,0,0,0.842347768,0,0,5.13862E-05,0.157600846
000011020,0.008070525,0.989951766,9.72429E-05,0.000164944,0,0,0.001616336,0,9.91857E-05
022211211,1,0,0,0,0,0,0,0,0
121102221,0,0,0,0,1,0,0,0,0
122211010,0,0,0,0,0,0,1,0,0
022211121,1,0,0,0,0,0,0,0,0
112110022,0,0,0,0,0,0.775303253,0.224696747,0,0
110212002,0,0,0.909991112,0,0,0,4.42087E-05,0.08996468,0
220112121,0,0,1,0,0,0,0,0,0
211210020,0,0,0,0,0,0.004601625,0.995085094,0,0.00031328
120121210,0,0,0.999862317,0,0,0,0,0,0.000137683
112201212,0,0,0,0,1,0,0,0,0
112100202,0,0,0,0,0.163522168,0.15875236,0,0.677725471,0
200020100,0,0.000130783,0.999427039,0.000143893,0,3.33492E-05,0,0.00012856,0.000136375
122001211,0,0,0,0.001017315,0.998982685,0,0,0,0
100022211,0,6.5333E-05,0.258671644,0.741263023,0,0,0,0,0
211000102,0,0,0,0.001154842,0.998407729,3.6647E-05,0,0.000400783,0
121010002,0,0,0.074296682,0.000580668,0,0.007660072,0.911710219,0.005752358,0
110221220,0,0,0.998927358,0,0,0,0,0,0.001072642
011221212,1,0,0,0,0,0,0,0,0
211120120,0,0,0,0,0,0.021825583,0,0,0.978174417
110122210,0,0,0.99037035,0,0,0,0,0,0.00962965
202211112,0,1,0,0,0,0,0,0,0
110020020,0,0,0.9703099,0.014530442,0,0.011143409,0.002022249,0,0.001993999
011122212,1,0,0,0,0,0,0,0,0
002101122,0.973632813,2.15269E-05,0,0,0.02634566,0,0,0,0
211110022,0,0,0,0,0,0.00499818,0.99500182,0,0
121012200,0,0,0,0.000321257,0,0,0,3.22435E-05,0.9996465
121000020,0,0,0,5.02786E-05,0.999459281,0.000203064,0.000169812,0,0.000117563
100110022,0,0.000142962,0.00010659,0,0,0.000159385,0.999591063,0,0
120221211,0,0,1,0,0,0,0,0,0
110020220,0,0,0.999560735,0.000352236,0,2.79895E-05,0,0,5.90396E-05
022011221,0.924944528,0,0,0.075055472,0,0,0,0,0
120120210,0,0,0.999681455,0,0,0.000294826,0,0,2.37194E-05
220211112,0,0,1,0,0,0,0,0,0
001120122,0.675389417,0.29787907,0,0,0,0.026731513,0,0,0
022112211,1,0,0,0,0,0,0,0,0
122021112,0,0,0,1,0,0,0,0,0
011021022,0.843820077,0,0,0.000283529,0,0,0.155896394,0,0
110120200,0,0,0.998085108,0,0,0.000474804,0,0.001131617,0.000308471
201212010,0,0.858923722,0,0,0,0,0.141027907,0,4.83714E-05
212102211,0,0,0,0,1,0,0,0,0
202120100,0,0.995962777,0,0,0,0.000176039,0,2.73265E-05,0.003833858
211002210,0,0,0,0.936540705,0.063405645,0,0,0,5.365E-05
210201011,0,0,1,0,0,0,0,0,0
010220120,0.999905061,0,6.9993E-05,0,0,1.73039E-08,0,0,2.49282E-05
112011202,0,0,0,0.034062443,0,0,0,0.965937557,0
121220112,0,0,0,0,0,1,0,0,0
121200201,0,0,0,0,0.936075061,0.063872672,0,5.22663E-05,0
120022011,0,0,0.000103174,0.963793784,0,0,0.036103042,0,0
001211022,0.000360229,5.63368E-05,0,0,0,0,0.999583434,0,0
112020012,0,0,0,2.81031E-05,0,0.729830646,0.270141251,0,0
102212100,0,0.002141957,0,0,0,0,0,0.00011395,0.997744093
212101122,0,0,0,0,1,0,0,0,0
110210122,0,0,0.988874262,0,0,0.007388534,0,0.003737204,0
022012211,0.999806272,0,0,0.000193728,0,0,0,0,0
112221000,0,0,0,0,0,0,0.999762272,4.9045E-05,0.000188683
112022001,0,0,0,0.832028889,0,0,0.167936127,3.49843E-05,0
220211121,0,0,1,0,0,0,0,0,0
121202100,0,0,0,0,0.999894248,0,0,5.31305E-05,5.26218E-05
101202121,0,0.001250457,0,0,0.998749543,0,0,0,0
001000122,1.5229E-06,1.05815E-05,0,8.11237E-06,0.999901758,7.8025E-05,0,0,0
112202001,0,0,0,0,0.998461642,0,0.001477003,6.13557E-05,0
122011220,0,0,0,0.881806007,0,0,0,0,0.118193993
110022021,0,0,0.437589573,0.562127199,0,0,0.000283228,0,0
112001200,0,0,0,0.000143456,0.999819156,0,0,4.82782E-06,3.25605E-05
101022002,0,0.999341385,0,1.82071E-05,0,0,0.000602306,3.81017E-05,0
211020100,0,0,0,0.000669016,0,0.001896494,0,0.010918998,0.986515492
212102110,0,0,0,0,0.004812801,0,0,0,0.995187199
112210122,0,0,0,0,0,1,0,0,0
122101020,0,6.98873E-06,0,0,0.962634569,0,0.034543218,0,0.002815225
010122122,0.999820419,0,0.000179581,0,0,0,0,0,0
122101212,0,0,0,0,1,0,0,0,0
221101212,0,0,0,0,1,0,0,0,0
211212020,0,0,0,0,0,0,0.991901604,0,0.008098396
021211210,0.999845534,0,0,0,0,0,0,0,0.000154466
000022100,0.000185426,0.000107815,0.996741118,0.00286273,0,0,0,5.13508E-05,5.15605E-05
112122010,0,0,0,0,0,0,0.728236236,0,0.271763764
020101122,0.888940598,0,2.19376E-05,0,0.111037465,0,0,0,0
212012021,0,0,0,0,0,0,0,0,1
112101202,0,0,0,0,0.615432404,0,0,0.384567596,0
012120010,3.63795E-06,0,0,0,0,4.51449E-06,0.999985097,0,6.75036E-06
200001221,0,2.92617E-05,0.999944709,7.38986E-06,1.86392E-05,0,0,0,0
101221022,0,0.999627236,0,0,0,0,0.000372764,0,0
010110220,8.15934E-06,0,1.07769E-05,0,0,0.955780597,0,0,0.044200467
210121221,0,0,1,0,0,0,0,0,0
211200102,0,0,0,0,0.999838749,5.18691E-05,0,0.000109382,0
211002201,0,0,0,0.998412552,0.001541531,0,0,4.59169E-05,0
101122221,0,1,0,0,0,0,0,0,0
001020100,0.16921906,0.116957732,0,0.008011775,0.000255063,0.661560772,3.2247E-05,0.016811473,0.027151878
110220210,0,0,0.814678468,0,0,0.184794237,0,0,0.000527296
120211022,0.000727638,0.00180737,0.696072632,0,0,0,0.00025252,0,0.301139841
221102112,0,0,0,0,1,0,0,0,0
122000100,0,0,0,0.976368826,0.005723265,0.007708276,0,0.007794453,0.00240518
011212221,1,0,0,0,0,0,0,0,0
210021221,0,0,0.999659343,0.000340657,0,0,0,0,0
122101021,0,0,0,0,0.981895848,0,0.018104152,0,0
101122212,0,1,0,0,0,0,0,0,0
212010102,0,0,0,0.226108664,0,0.733076092,0,0.040815244,0
221020110,0,0,0,0.000290263,0,1.58672E-05,0,0,0.999693869
112220121,0,0,0,0,0,1,0,0,0
011001022,0.001437327,0,0,0.004595447,0.000459993,0,0.993507233,0,0
000120020,3.75245E-05,0.004339016,9.31629E-06,0.000343387,0,0.984747442,0.01046025,2.17626E-05,4.13014E-05
211001212,0,0,0,0.311411535,0.688588465,0,0,0,0
020020100,7.02443E-05,0,0.997316176,0.002373619,0,0.000102651,0,3.67531E-05,0.000100557
211102122,0,0,0,0,1,0,0,0,0
012211221,1,0,0,0,0,0,0,0,0
110020022,0,0,0.998329795,0.000160741,0,0.001449586,5.98783E-05,0,0
201120100,0,0.002842702,0,0,0,0.000114145,0,1.50651E-05,0.997028088
211122201,0,0,0.996902127,0,0,0,0.003097873,0,0
110221122,0,0,1,0,0,0,0,0,0
110212022,0,0,0.998916857,0,0,0,0.001083143,0,0
201002121,0,6.83793E-06,0,7.58683E-06,0.999985575,0,0,0,0
121011022,0,0,0,0.021866728,0,0,0.978133272,0,0
221100102,0,0,0,0,0.984578017,0.015055546,0,0.000366437,0
121002121,0,0,0,0.021883343,0.978116657,0,0,0,0
121210200,0,0,0,0,0,0.000363552,0,0.00017221,0.999464238
112120020,0,0,0,0,0,0.001815583,0.998069962,0,0.000114455
121211210,0.182494411,0.001258257,0,0,0,0,0,0,0.816247333
010221020,0.000897807,0.399320403,0.00018206,0,0,0.599491369,1.6068E-07,7.18823E-07,0.000107481
212112201,0,0,0,0,0,0,0,1,0
211022110,0,0,0,0.336027344,0,0,0,0,0.663972656
002211221,0.999681912,0.000318088,0,0,0,0,0,0,0
201200101,0,4.96827E-06,0,0,6.27513E-06,0.000269189,0.998826194,0.000893374,0
110022020,0,0,0.999830831,5.91871E-06,0,0,1.42884E-05,0,0.000148962
112110220,0,0,0,0,0,0.027639756,0,0,0.972360244
002210121,0.709567,0.000323719,0,0,0,1.49471E-05,0.000853642,0.289240693,0
102100200,0,0.030343761,0,0,0.969058758,3.5671E-05,0,5.54136E-05,0.000506397
100220120,0,0.998976945,0.000989769,0,0,3.82833E-06,0,0,2.94574E-05
221021010,0,0,0,0.000925807,0,0,3.35204E-05,0,0.999040672
212211100,0,0,0,0,0,0,0,0.001059129,0.998940871
120011220,0,0,0.000371225,0.063984164,0,0,0,0,0.935644611
122022110,0,0,0,0.957052418,0,0,0,0,0.042947582
211122100,0,0,0,0,0,0,0,0.024643146,0.975356854
211022001,0,0,2.58288E-06,0.997535342,0,0,0.002386104,7.47294E-05,1.24096E-06
211211002,0,0,0,0,0,0,0.979175646,0.020824354,0
021121212,1,0,0,0,0,0,0,0,0
201001012,0,2.76752E-06,0,6.9012E-06,0.999987074,0,3.25714E-06,0,0
000010000,0.002771683,0.000304486,0.004436518,0.964275609,1.27379E-05,0.002597516,0.021452278,0.002246954,0.001902218
102112200,0,0.000696553,0,0,0,0,0,8.94602E-06,0.999294501
211220011,0,0,0,0,0,0.347634004,0.652365996,0,0
112022100,0,0,0,0.785069642,0,0,0,0.001371217,0.213559141
001010200,0.13637683,8.03503E-06,0,5.98393E-05,0,2.11958E-06,0,0.012349173,0.851204004
201101122,0,0.000874887,0,0,0.999125113,0,0,0,0
011220110,0.015966249,0,0,0,0,0.984033751,0,0,0
122020100,0,0,0,0.998912303,0,0.000415845,0,9.0537E-06,0.000662799
010212000,5.78678E-06,1.96023E-05,3.90466E-06,0,0,4.61826E-06,1.48825E-05,0.999949766,1.43909E-06
021110221,0.000914346,0,0,0,0,0.999085654,0,0,0
120220011,0,0,8.77379E-06,0,0,0.987379743,0.012611483,0,0
021011220,0.000300364,0,0,0.050639319,0,0,0,0,0.949060317
122120010,0,0,0,0,0,0.000243593,0.999711263,0,4.51439E-05
211011220,0,0,0,0.776688893,0,0,0,0,0.223311107
022112001,0.999947986,0,0,0,0,0,1.38351E-05,3.81788E-05,0
110012122,0,0,0.995782583,0.004217417,0,0,0,0,0
012122120,0.999931131,0,0,0,0,0,0,0,6.88693E-05
012112120,0.001043057,0,0,0,0,0.891440332,0,0,0.107516611
221102121,0,0,0,0,1,0,0,0,0
000210210,0.882192113,0.060564734,0.000482579,0,0,0.056606841,0,0.00011915,3.45818E-05
110120022,0,0,0.117278682,0,0,0.004020268,0.87870105,0,0
112022010,0,0,0,0.107910612,0,0,0.178371289,0,0.713718099
110202210,0,0,0.092024222,0,0.907767176,0,0,0,0.000208602
202121100,0.844732513,0.045410292,0,0.000933561,0,0,0,0.000270519,0.108653116
211220010,0,0,0,0,0,0.610578575,0.150933979,0,0.238487446
002001112,0.000511802,6.23578E-06,0,2.33221E-12,4.85904E-06,0.999477103,0,0,0
211000201,0,0,0,0.995184286,0.004137813,0.000668099,0,9.8019E-06,0
100110220,0,0.001057306,0.00028873,0,0,0.017406379,0,0,0.981247584
211010220,0,0,0,0.30099705,0,8.47815E-05,0,0,0.698918169
211001122,0,0,0,0.000814839,0.999185161,0,0,0,0
121101022,0,0,0,0,0.707534502,0,0.292465498,0,0
210212121,0,0,1,0,0,0,0,0,0
120010122,0,0,0.956198759,0.043790199,0,1.10421E-05,0,0,0
001200001,0.00561609,7.11038E-05,0,0.001049308,7.07812E-05,0.98921419,6.73845E-05,0.003911142,0
220010001,0,0,0.9949803,1.93282E-05,0,0.003716419,8.64669E-06,0.001265075,1.02304E-05
011012220,0.301239406,0,0,0.000161987,0,0,0,0,0.698598607
011022002,0.99994365,0,0,1.05954E-05,0,0,3.08225E-05,1.49321E-05,0
202000101,0,0.938955728,0,3.47507E-05,0.000130412,2.38258E-05,0,0.060855283,0
101022201,0,0.763172626,0,0.236594812,0,0,0,0.000232562,0
110121022,0,0,0.006239734,0,0,0,0.993760266,0,0
100211200,0,0.843160998,0.000195579,0,0,0,0,0.043818775,0.112824648
221201100,0,0,0,0,0.361053954,0,0,1.9046E-05,0.638927
121220010,0,0,0,0,0,0.999888168,0.000108368,0,3.46462E-06
110212220,0,0,0.945829966,0,0,0,0,0,0.054170034
101212202,0,0.996546486,0,0,0,0,0,0.003453514,0
201121200,0,0.000148977,0,0,0,0,0,4.86501E-05,0.999802373
100011022,0,0.000660738,6.15033E-06,0.000393675,0,0,0.998939437,0,0
122200121,0,0,0,0,0.99886381,0.00113619,0,0,0
100221211,0,0.000900489,0.999099511,0,0,0,0,0,0
110220212,0,0,0.999424756,0,0,0.000575244,0,0,0
212022011,0,0,0,0.692912352,0,0,0.307087648,0,0
110022122,0,0,0.954231792,0.045768208,0,0,0,0,0
101210220,0,0.870311071,0,0,0,0.003315915,0,0,0.126373014
122200001,0,0,0,0,0.99992996,5.57448E-05,8.54869E-06,5.74606E-06,0
002012110,0.000239832,0.000121325,0,2.11528E-05,0,0,0,0,0.99961769
102010212,0,0.073302208,0,0.001077461,0,0.925620331,0,0,0
100202110,0,2.3064E-06,2.39298E-05,0,0.999826507,0,0,0,0.000147256
221011212,0,0,0,1,0,0,0,0,0
211202121,0,0,0,0,1,0,0,0,0
002110212,3.59444E-05,0.060896722,0,0,0,0.939067334,0,0,0
001010220,3.6404E-05,0.032415299,0,1.67216E-05,0,6.34633E-05,0,0,0.967468112
120211212,0.376351953,0.222031827,0,0,0,0,0,0,0.40161622
112100221,0,0,0,0,0.998474269,0.001525731,0,0,0
000112122,0.898689137,2.70264E-05,0.101283837,0,0,0,0,0,0
101212200,0,0.940222759,0,0,0,0,0,0.007508386,0.052268855
110022002,0,0,0.99979332,5.37591E-05,0,0,6.08293E-05,9.2091E-05,0
112022121,0,0,0,1,0,0,0,0,0
212101221,0,0,0,0,1,0,0,0,0
110022012,0,0,0.362480308,0.637150532,0,0,0.00036916,0,0
120212112,0,0,1,0,0,0,0,0,0
112120002,0,0,0,0,0,0.083272003,0.916675631,5.23658E-05,0
102220102,0,0.001691428,0,0.997863868,0,0,0,0.000444704,0
122201211,0,0,0,0,1,0,0,0,0
211212000,0,0,0,0,0,0,0.902726241,0.096608609,0.00066515
001221112,0.99994323,5.67695E-05,0,0,0,0,0,0,0
210121120,0,0,0.012318657,0,0,0,0,0,0.987681343
010001022,2.29862E-05,0.000739839,0.009504865,1.29331E-05,5.70347E-05,0,0.989662342,0,0
112100200,0,0,0,0,0.996764723,0.000748475,0,0.002114826,0.000371976
112211002,0,0,0,0,0,0,0.979250617,0.020749383,0
101020002,0,0.949845303,3.52305E-06,0.000585976,0,0.001656448,0.039785806,0.008122944,0
112212000,0,0,0,0,0,0,0.002956041,0.036810089,0.96023387
112210102,0,0,0,0,0,0.999284359,0,0.000715641,0
211120221,0,0,0,0,0,1,0,0,0
012020010,0.000588853,0,0,0.000123439,0,0.000193363,0.999083577,0,1.07679E-05
112121020,0,0,0,0,0,0,0.993517196,0,0.006482804
211020021,0,0,0,0.000262266,0,0.999715574,2.21597E-05,0,0
211100002,0,0,0,0,0.999229881,7.82967E-05,0.000653777,3.80455E-05,0
020122112,0.999505537,0,0.000494463,0,0,0,0,0,0
112202110,0.000495053,0.000691595,0,0,0.073655099,0,0,0,0.925158252
002010200,4.52238E-05,0.002844447,0,0.004908527,0.960687405,0.00556819,9.38549E-06,0.014401995,0.011534827
211012200,0,0,0,0.952839748,0,0,0,0.046980982,0.00017927
000012012,0.001314019,0.055007882,0.942588432,0.001074269,0,0,1.5398E-05,0,0
121202121,0,0,0,0,1,0,0,0,0
002012121,0.999808816,0.000177628,0,1.3556E-05,0,0,0,0,0
211201122,0,0,0,0,1,0,0,0,0
112221012,0,0,0,0,0,0,1,0,0
121022010,0,0,0,0.99992123,0,0,9.37044E-06,0,6.93992E-05
221122101,0,0,0,0,0,0,0,1,0
211202112,0,0,0,0,1,0,0,0,0
220112100,0,0,0.999905295,0,0,0,0,8.57897E-05,8.91509E-06
122000001,0,0,0,0.001131786,0.997888422,0.000729974,3.88398E-05,0.000210978,0
221221110,0,0,0,0,0,0,0,0,1
101022101,0,0,0,1,0,0,0,0,0
211012201,0,0,0,0.999702798,0,0,0,0.000297202,0
211010221,0,0,0,0.999484176,0,0.000515824,0,0,0
002212001,0.999879831,1.7538E-05,0,0,0,0,9.35688E-05,9.06258E-06,0
121001020,0,0,0,3.56135E-05,0.977277571,0,1.63173E-05,0,0.022670498
000122112,0.932323595,0.001903121,0.063790222,0,0,0.000715367,0,0.001267695,0
121200102,0,0,0.000699164,0,0.996674391,5.94461E-05,3.69197E-06,0.002563306,0
221021100,0,0,0,3.16963E-05,0,0,0,0.929606355,0.070361949
121010220,0,0,0,0.002696748,0,2.2675E-05,0,0,0.997280577
200212100,0,9.76765E-06,0.999117677,0,0,0,0,2.3772E-06,0.000870178
000212201,0.998775848,9.35045E-06,0.00120682,0,0,0,0,7.98103E-06,0
212122011,0,0,0,0,0,0,1,0,0
001122120,0.972112555,0.027859494,0,0,0,0,0,0,2.79505E-05
000212012,0.035977752,0.963816692,4.69633E-05,0,0,0,0.000158592,0,0
110022000,0,0,0.031943566,0.96584485,0,0,0.000299348,0.000762158,0.001150077
211002112,0,0,0,0.000694544,0.999305456,0,0,0,0
122011202,0,0,0,0.998494286,0,0,0,0.001505714,0
212201001,0,0,0,0,0.003151143,0,0.996836997,1.18597E-05,0
101122210,0,0.998828947,0,0,0,0.000826865,0,0,0.000344187
100220102,0,1.03366E-05,0.9999852,0,0,9.67797E-07,0,3.49596E-06,0
122002001,0,0,0,1.67367E-06,0.999481915,0,4.87101E-06,0.00051154,0
221010021,0,0,0,0.004498061,0,0.741481896,0.254020043,0,0
212020110,0,0,0,0.001089911,0,1.31091E-05,0,0,0.998896979
211102212,0,0,0,0,1,0,0,0,0
212010122,0,0,0,0.025867863,0.973354406,0.000777731,0,0,0
200011020,0,3.1968E-05,3.25247E-06,0.999959924,0,0,3.48029E-06,0,1.37562E-06
120011022,0,0,0.002579872,0.019410782,0,0,0.978009346,0,0
011022122,0.999928376,0,0,7.16241E-05,0,0,0,0,0
002012100,2.08704E-06,6.04016E-05,0,0.010450495,0,0,0,0.00040288,0.989084137
021010221,0.964794411,0,0,0.000210644,0,0.034994945,0,0,0
001001022,1.53158E-05,0.000279729,0,0.001275427,0.000554593,0,0.997874935,0,0
221101122,0,0,0,0,1,0,0,0,0
210112122,0,0,1,0,0,0,0,0,0
211212002,0,0,0,0,0,0,0.946332515,0.053667485,0
221110212,0,0,0,0,0,1,0,0,0
122011002,0,0,0,0.997504641,0,0,0.001294492,0.001200867,0
100200100,0,6.23043E-07,6.78685E-06,0,0.999293268,0.000697495,0,1.1576E-06,6.69891E-07
121122000,0,0,0,0,0,0,0.05314841,0.946255399,0.00059619
100002120,0,9.33634E-06,2.70293E-06,0.999973962,1.34773E-05,0,0,0,5.21086E-07
010021020,0.060982924,0.900306706,0.00091299,0.033150247,0,0,0.001138897,0,0.003508237
000121020,0.003006742,0.996821344,0.000154536,0,0,0,3.14008E-06,0,1.42383E-05
110200002,0,0,0.998311994,0,0.000178134,0.001432932,6.05759E-05,1.63646E-05,0
101212002,0,0.967491555,0,0,0,0,0.03232181,0.000186636,0
112210200,0,0,0,0.000664654,0,0.028841751,0.000782866,0.916376187,0.053334541
101100220,0,0.000313607,0,0,0.000273944,0.000139181,0,0,0.999273269
022121101,0.977680583,0,0,0,0,0,0,0.022319417,0
212221120,0.001462242,0,0,0,0,0,0,0,0.998537758
102110202,0,0.003749812,0,0,0,0.91457687,0,0.081673318,0
010122012,0.936414269,0,0.063566223,0,0,0,1.95087E-05,0,0
122211000,0.956495628,0,0,0,0,0,0.000202056,0.008704551,0.034597765
101221122,0,1,0,0,0,0,0,0,0
221100021,0,0,0.925821029,0,0.033950959,0.040164211,6.38007E-05,0,0
210220011,0,0,0.000774648,0,0,0.08352572,0.915699631,0,0
100121020,0,0.969170707,6.37322E-06,0,0,0,0.00770318,0,0.02311974
100211022,0,0.906279227,4.41053E-05,0,0,0,0.093676668,0,0
212120110,0,0,0,0,0,0.001410636,0,0,0.998589364
000212021,0.999959116,1.48679E-05,2.3896E-05,0,0,0,2.11996E-06,0,0
122221011,0,0,0,0,0,0,1,0,0
001020102,0.999939544,2.09876E-05,0,1.36168E-05,0,2.54355E-05,0,4.15766E-07,0
011001202,0.902830707,0,0,5.34507E-05,0.00025233,0,0,0.096863512,0
020012100,2.54036E-06,0,0.99995514,1.73522E-05,0,0,0,2.49652E-05,2.33859E-09
120220100,0,0,0.999931691,0,0,2.71931E-05,0,2.81119E-05,1.30045E-05
212121000,0,0,0,0,0,0,0.741331308,0.001857567,0.256811125
211102022,0,0,0.000868572,0,0.163130905,0,0.836000522,0,0
212110202,0,0,0,0,0,0.943834189,0,0.056165811,0
101022122,0,0.934416723,0,0.065583277,0,0,0,0,0
212211021,0,0,0,0,0,0,1,0,0
100101220,0,8.0874E-07,1.39555E-05,0,3.43944E-05,0,0,0,0.999950841
211000200,0.531007116,0,0,0.467704906,0.000583227,0.000217237,0,6.43468E-06,0.000481079
200010012,0,0.99800372,0.000294746,0.000160533,0,0.001355214,0.000185787,0,0
200210100,0,8.57309E-06,0.999338696,0,0,0.000534275,0,5.68841E-06,0.000112767
110020002,0,0,0.996599741,0.000558444,0,0.001466625,0.000389721,0.00098547,0
220110122,0,0,0.948577001,0,0,0.051422999,0,0,0
022010211,0.999898977,0,0,1.63512E-05,0,8.46716E-05,0,0,0
122011122,0,0,0,1,0,0,0,0,0
110022100,0,0,0.981898511,0.018066296,0,0,0,5.60358E-06,2.95892E-05
121201122,0,0,0,0,1,0,0,0,0
220211120,0,0,0.999872199,0,0,0,0,0,0.000127801
211020210,0,0,0,0.891208491,0,0.00013827,0,0,0.108653239
021122100,0.956305805,0,0,0,0,0,0,0.043673944,2.02514E-05
112010122,0,0,0,0.000562046,0,0.999437954,0,0,0
112102221,0,0,0,0,1,0,0,0,0
020001221,0.000101456,0,0.999893229,1.962E-06,3.35329E-06,0,0,0,0
200012012,0,0.999862181,8.87162E-06,0.000116372,0,0,1.25753E-05,0,0
102021122,0,0.001594352,0,0.998405648,0,0,0,0,0
100112212,0,0.776856373,0.223143627,0,0,0,0,0,0
002211211,0.999478503,0.000121077,0,0,0,0.000400421,0,0,0
221112012,0,0,0,0,0,0,1,0,0
101122202,0,0.999725432,0,0,0,0,0,0.000274568,0
012112020,0.189247091,0.001566205,0,0,0,0,0.000230969,0,0.808955736
211112220,0,0,0,0,0,0,0,0,1
220011120,0,0,0.962582653,0.037395868,0,0,0,0,2.14795E-05
101000002,0,0.12916155,0,0.004456682,0.002125056,0.029286861,0.787442833,0.047135367,0.00039165
110121220,0,0,0.230160505,0,0,0,0,0,0.769839495
121110220,0,0,0,0,0,0.002433317,0,0,0.997566683
002002011,1.52492E-05,5.13233E-06,0,5.33424E-06,1.38533E-05,0,0.999960431,0,0
110221212,0,0,1,0,0,0,0,0,0
212100102,0,0,0,0,0.189048797,0.810919446,0,3.17565E-05,0
110221102,0,0,0.999813269,0,0,0,0,0.000186731,0
001210201,0.996833627,0.002175841,0,0,0,0.000936063,0,5.44686E-05,0
101202002,0,0.999834491,0,0,0.000142266,0,2.25659E-05,6.7695E-07,0
201000201,0,0.000652656,0,0.912854048,0.013420575,0.072702775,0.000324919,4.50264E-05,0
121001122,0,0,0,0.000703962,0.999296038,0,0,0,0
011220020,0.999962953,0,0,0,0,4.52062E-06,1.83317E-05,0,1.41947E-05
120212122,0,0,1,0,0,0,0,0,0
122121002,0,0,0,0,0,0,0.998443633,0.001556367,0
212100211,0,0,3.13655E-05,0,0.986264733,0.013703902,0,0,0
110221221,0,0,1,0,0,0,0,0,0
112101220,0,0,0,0,0.120981548,0,0,0,0.879018452
210021020,0,0,0.023648575,0.00049146,0,0.00093183,6.42078E-06,0,0.974921714
100000122,0,4.70349E-06,9.92147E-07,0.999988752,4.73683E-06,8.15617E-07,0,0,0
110210022,0,0,0.91819354,0,0,0.003445426,0.078361034,0,0
120121200,0,0,0.198218313,0,0,0,0,0.801748402,3.32855E-05
001200021,7.2532E-06,1.71934E-06,0.000266854,0,9.88611E-06,0.99971122,3.0682E-06,0,0
010010220,1.80237E-05,0,0.009095729,0.000116848,0,0.000526721,0,0,0.990242679
020120100,0.913366297,0,0.001043426,0,0,5.49277E-05,0,0.084505135,0.001030215
100020021,0,0.999810254,1.04754E-05,0.000162054,0,8.33686E-06,8.87968E-06,0,0
112211022,0,0,0,0,0,0,1,0,0
211100202,0,0,0,0,0.183767319,7.64355E-05,0,0.816156246,0
112110202,0,0,0,0,0,0.870352829,0,0.129647171,0
110120220,0,0,0.888773464,0,0,0.005788918,0,0,0.105437618
002100120,0.998403548,3.91987E-05,0,0,0.001306587,1.76599E-05,0,0,0.000233006
011022200,0.999679844,0,0,1.762E-05,0,0,0,0.000277184,2.53524E-05
121122201,0,0,0,0,0,0,0,1,0
002220101,0.030806882,1.00517E-05,0,9.55269E-06,0,5.27918E-06,0,0.969168235,0
000000100,3.6918E-05,4.47813E-05,0.000246483,0.004065179,0.995464641,3.61993E-05,0,6.02643E-05,4.55337E-05
002010112,0.000255727,2.8258E-06,0,5.86016E-05,0,0.999682845,0,0,0
121020100,0,0,0,0.019745916,0,0.001705888,0,0.977937808,0.000610388
210211021,0,0,0.001438494,0,0,0,0.998561506,0,0
122212120,0,0,0,0,0,0,0,0.007083732,0.992916268
110122221,0,0,1,0,0,0,0,0,0
221121010,0,0,0,0,0,0,0.005430137,0,0.994569863
112200012,0,0,0.124484682,0,0.157940172,0.717519945,5.52014E-05,0,0
021122112,1,0,0,0,0,0,0,0,0
120020001,0,0,6.55473E-05,2.15563E-05,0,1.48556E-05,1.71054E-06,0.99989633,0
110220021,0,0,0.097934964,0,0,0.901590877,0.000474159,0,0
121010022,0,0,0,1.77776E-05,0,0.006200339,0.993781883,0,0
022211021,0.999885349,0,0,0,0,0,0.000114651,0,0
002011202,0.002832929,1.51304E-06,0,0.632464845,0.186716138,0,0,0.177984575,0
010010022,0.05534115,0,7.41703E-06,0.000128497,0,2.65967E-05,0.944496339,0,0
212112100,0,0,0,0,0,0,0,0.002191302,0.997808698
122021001,0,0,0,4.20493E-05,0,0,0.695199751,0.3047582,0
110000202,0,0,0.956974157,7.6481E-05,8.99867E-05,7.25919E-06,0,0.042852117,0
000120120,0.9275822,0.070916845,0.001373976,0,0,3.79524E-05,0,0,8.90268E-05
121020102,0,0,0,0.481285036,0,0.022677166,0,0.496037797,0
211120201,0,0,0,0.001140984,0.001141025,0.981456577,0.001218802,0.015042613,0
000210000,0.000163963,4.3282E-06,0.000201439,0,0,0.990353525,1.25559E-05,0.009244249,1.99395E-05
010011220,1.21181E-05,0,0.000343927,6.0577E-05,0,0,0,0,0.999583378
122002100,0,0,0,0.996783913,0.002444337,0,0.000756671,1.28135E-05,2.26499E-06
100120200,0,0.000162101,0.999821799,0,0,5.18767E-06,0,6.27736E-06,4.63555E-06
122001221,0,0,0.953087731,0.012456367,0.030463705,0,0.003992197,0,0
200101020,0,4.42026E-06,2.40708E-06,0,0.999805956,0,0.000184431,0,2.786E-06
211010200,0,0,0,0.999011396,0,0.000491766,0,0.000359561,0.000137276
000122100,0.997730031,4.46038E-05,0.002162891,0,0,0,0,1.12573E-05,5.1217E-05
110002002,0,0,0.999377267,0.000417319,0.000181509,0,1.977E-05,4.13545E-06,0
121122012,0,0,0,0,0,0,1,0,0
011022020,0.999661393,0,0,9.63463E-07,0,0,0.00033097,0,6.67392E-06
101202112,0,0.007581982,0,0,0.992418018,0,0,0,0
122122011,0,0,0,0,0,0,1,0,0
211200000,0,0,0,0,1.91936E-05,7.10395E-05,0.997583553,3.87383E-06,0.002322341
020110202,7.33968E-05,0,7.11003E-06,0,0,0.024547737,0,0.975371757,0
211220001,0,0,0,0,0,0.919284482,0.080550202,0.000165316,0
220210101,0,0,0.969999124,0,0,1.51879E-05,0,0.029985688,0
101021202,0,0.026864971,0,0.001886777,0,0,0,0.971248252,0
112002210,0,0,0,0.000383772,0.842771814,0,0,0,0.156844414
211221000,0,0,0,0,0,0,0.796529085,0.000428697,0.203042218
121200121,0,0,0,0,0.998096055,0.001116945,0.000787,0,0
011000202,0.978053782,0,0,1.20651E-05,0.000253507,0.000388972,0,0.021291673,0
110022001,0,0,1.98156E-05,0.998499721,0,0,8.89777E-05,6.7009E-05,0.001324477
211220100,0,0,0,0,0,0.237510943,0,0.000117188,0.76237187
000101022,1.10633E-06,1.62462E-05,0.02880177,0,0.056218362,0.004308259,0.910654256,0,0
211110220,0,0,0,0,0,0.002006754,0,0,0.997993246
221110200,0,0,0,0,0,0.999364617,0,0.000218548,0.000416835
112121002,0,0,0,0,0,0,0.990964647,0.009035353,0
220210110,0,0,0.973761482,0,0,6.31415E-05,0,0,0.026175376
102220100,0,0.99885884,0,0,0,9.65614E-06,0,0.000944103,0.000187401
110000022,0,0,0.961687894,2.17937E-05,0.001035187,3.59233E-06,0.037251534,0,0
021000102,0.000436461,0,0,0.000191493,0.999361941,5.47238E-06,2.30452E-07,4.40157E-06,0
121122200,0,0,0,0.000716233,0,0,0.897870099,0.101066528,0.00034714
100122210,0,0.000235092,0.996859082,0,0,0.001038991,0,0.001832182,3.46532E-05
100022001,0,0.000212523,4.18802E-05,0.99971701,0,0,1.51913E-06,2.70679E-05,0
221110221,0,0,0,0,0,1,0,0,0
211011022,0,0,0,0.017589698,0,0,0.982410302,0,0
101112202,0,0.002039919,0,0,0,0,0,0.997960081,0
121202211,0,0,0,0,1,0,0,0,0
011020022,0.999498709,0,0,3.54924E-06,0,6.66895E-05,0.000431052,0,0
120211112,0,0,0.999264042,0,0,0,0,0,0.000735958
212210001,0,0,0,0,0,0.00691418,0.970126118,0.022959702,0
112020102,0,0,0,0.069788889,0,0.928124135,0,0.002086976,0
122021100,0.001482021,0,0,0.897878317,0,0,0,0.097357461,0.0032822
112220001,0,0,0,0,0,0.801177559,0.198800473,2.19671E-05,0
101220100,0,0.017118712,0,0,0,0.967227205,0,0.004471006,0.011183076
020001020,0.026432671,8.29587E-06,2.14874E-05,0.001229644,0.972074012,0,3.46455E-05,0,0.000199244
212112120,0,0,0,0,0,0,0,0,1
020112210,0.000363924,0.214702137,4.84921E-07,0,0,0.784933435,0,0,1.92899E-08
112000200,0.000932152,0,0.719038523,0.032266246,0.247331804,0.000155506,0,5.85206E-05,0.000217248
122102211,0,0,0,0,1,0,0,0,0
112010202,0,0,0,0.001378391,0,0.84658705,0,0.152034559,0
221210021,0,0,0,0,0,0.967815616,0.032184384,0,0
211210021,0,0,0,0,0,0.029196897,0.970803103,0,0
020101020,0.000306768,0,7.43919E-06,0,0.999668522,0,8.10605E-06,0,9.16415E-06
112022120,0,0,0,0.999882601,0,0,0,0,0.000117399
121112202,0,0,0,0,0,0,0,1,0
211122000,0,0,0,0,0,0,0.000202365,6.08117E-05,0.999736823
110020212,0,0,0.99821004,0.000356736,0,0.001433224,0,0,0
121021102,0,0,0,0.817063844,0,0,2.6549E-05,0.182909607,0
112100220,0,0,0,0,0.809947637,0.00085789,0,0,0.189194473
121022201,0,0,0.001261711,0.022376855,0.894065018,0,0.002460354,0.079836063,0
000202121,0.000172633,3.68064E-07,3.67948E-06,0,2.07881E-06,0,0,0.99982124,0
211220121,0,0,0,0,0,1,0,0,0
212011022,0,0,0,0.999707863,0,0,0.000292137,0,0
002120102,0.999937843,1.041E-05,0,0,0,3.75578E-05,0,1.41893E-05,0
110220020,0,0,0.996674382,0,0,1.04714E-06,0.001890728,0.001304003,0.00012984
220211001,0,0,0.974900923,0,0,0,0.02503796,6.11169E-05,0
112021002,0,0,0,0.004939958,0,0,0.994931806,0.000128236,0
011220200,0.999962452,0,0,0,0,4.0278E-06,0,2.8507E-05,5.01268E-06
122011022,0,0,0,0.999702923,0,0,0.000297077,0,0
022210121,0.999917864,0,0,0,0,8.21359E-05,0,0,0
221212011,0,0,0,0,0,0,1,0,0
211001022,3.08053E-05,0.000368729,0.000233453,0.00015915,0.462986931,0,0.258587155,0,0.277633776
011022212,0.999918889,0,0,8.11107E-05,0,0,0,0,0
122010102,0,0,0,0.971647987,0,0.028200721,0,0.000151291,0
221112021,0,0,0,0,0,0,1,0,0
212021001,0,0,0,0.000278552,0,0,0.999690577,3.08706E-05,0
112200001,0,0,0.002716931,0,0.994059234,0.000223111,0.002601137,0.000399588,0
101221202,0,0.99985776,0,0,0,0,0,0.00014224,0
121022211,0,0,0,1,0,0,0,0,0
122002121,0,0,0,0.105405778,0.894594222,0,0,0,0
101020022,0,0.999898264,0,8.73688E-06,0,5.29402E-05,4.0059E-05,0,0
021210201,0.989492884,0,0,0,0,0.010474402,0,3.27148E-05,0
202010100,0,0.999106542,0,3.69932E-06,0,3.10647E-06,0,2.19088E-06,0.000884461
010102122,0.096251184,0,0.903667324,0,8.14918E-05,0,0,0,0
202112010,0,0.980508047,0,0,0,0,7.54854E-06,0,0.019484404
100100220,0,3.99616E-05,0.001650238,0,0.000364334,0.000307043,0,0,0.997638424
020001211,7.96788E-05,0,0.999913193,1.71293E-06,5.41521E-06,0,0,0,0
122021010,0.932304788,0,0,0.000109471,0,0,0.067340028,0,0.000245713
121212012,0,0,0,0,0,0,1,0,0
200121020,0,0.995052803,3.21881E-06,0.003250814,0,0.001683811,5.59182E-06,0,3.76152E-06
201010212,0,0.977143405,0,0.022828638,0,2.79579E-05,0,0,0
221121000,0,0,0,0,0,0,2.28204E-05,0.777159276,0.222817904
121220211,0,0,0,0,0,1,0,0,0
010020210,1.19271E-05,0,0.898938816,0.000452984,0.10037967,0.000211762,0,0,4.84099E-06
020010120,7.90613E-06,0,0.999965137,4.63305E-06,0,1.94279E-05,0,0,2.89543E-06
121220001,0,0,0,0,0,0.812878432,0.001734429,0.185387139,0
011022210,0.285370262,0,0,0.712100516,0,0,0,0,0.002529222
000210201,0.999164502,2.22754E-05,0.000371521,0,0,0.000177054,0,0.000264648,0
212101022,0,0,0,0,0.999936845,0,6.31555E-05,0,0
200112020,0,1.25816E-05,1.467E-06,0,0,0.999984416,1.53581E-06,0,1.77737E-11
221011022,0,0,0,0.977590773,0,0,0.022409227,0,0
112010220,0,0,0,0.000357863,0,5.08749E-05,0,0,0.999591263
002112100,2.47241E-06,0.000171001,0,0,0,0,0,0.002870803,0.996955723
110220012,0,0,0.09444562,0,0,0.904788352,0.000766028,0,0
002212211,0.975407001,0.024592999,0,0,0,0,0,0,0
212121001,0,0,0.001051885,0,0,0,0.996906212,0.002041903,0
100020201,0,6.84766E-06,0.999935778,3.94903E-05,0,6.12639E-06,0,1.17579E-05,0
102021121,0,0.070981855,0.000771639,0.927474883,0,0,0.000771623,0,0
101020220,0,0.999903064,0,3.37115E-05,0,7.95434E-06,0,0,5.52699E-05
101220221,0,0.269801664,0,0,0,0.730026985,0,0.00017135,0
122110212,0,0,0,0,0,1,0,0,0
022120100,0.999979041,0,0,0,0,5.82196E-06,0,9.33209E-06,5.80516E-06
101022200,0,0.999885872,0,7.45626E-06,0,0,0,2.63499E-06,0.000104037
212121020,0.002256676,0.003812351,0,0,0,0,0.458301201,0,0.535629772
102220110,0,0.00175805,0,0,0.002263631,0.978689904,0,0,0.017288414
121112022,0,0,0,0,0,0,1,0,0
011020020,0.983058235,0,0,0.00303373,0,0.003775837,0.006114173,0,0.004018025
212011122,0,0,0,1,0,0,0,0,0
110112220,0,0,0.004924157,0,0,0,0,0,0.995075843
112020122,0,0,0,0.999324465,0,0.000675535,0,0,0
121220102,0,0,0,0,0,0.999900792,0,9.92082E-05,0
101112022,0,0.136848409,0,0,0,0.805096917,0.056660869,0.001393806,0
200212011,0,0.968628737,6.23959E-06,0,0,0,0.031365024,0,0
020110020,9.44639E-05,0,2.95737E-07,0,0,0.999811185,4.16204E-06,0,8.98937E-05
101221220,0,0.966879014,0,0,0,0,0,0,0.033120986
002010221,0.999973919,3.60498E-06,0,2.62413E-06,0,1.98516E-05,0,0,0
022121112,1,0,0,0,0,0,0,0,0
011020200,0.972843048,0,0,0.005213852,0.001178039,0.003979757,0,0.007213299,0.009572004
120101020,0,0,0.000253993,0,0.998986357,0,2.86129E-06,0,0.000756788
212211001,0,0,0,0,0,0,0.998824004,0.001175996,0
221211002,0,0,0,0,0,0,0.997641418,0.002358582,0
122121000,0,0,0,0,0,0,0.781343896,0.217567829,0.001088275
101022112,0,0.004430542,0,0.995569458,0,0,0,0,0
002120120,0.999979086,3.6241E-06,0,0,0,1.22926E-05,0,0,4.99707E-06
001120120,0.987850273,0.005723566,0,0,0,0.00106797,0,0.005322143,3.60479E-05
020212211,0.989257018,0,6.03368E-05,0,0,0.010682646,0,0,0
122211022,0.00057516,0,0.002791383,0,0,0.002827261,0.387429413,0,0.606376784
201200121,0,3.06316E-06,0,0,0.980286146,0.019710791,0,0,0
200021201,0,5.293E-06,0.99997882,1.29491E-05,0,0,0,2.93796E-06,0
022122100,1,0,0,0,0,0,0,0,0
010022010,5.33115E-05,0,2.38159E-05,0.999843616,0,0,7.25565E-05,0,6.70021E-06
210121020,7.26389E-06,0,0.013394842,0,0,7.68129E-06,0.000435182,0,0.986155031
102020101,0,0.006825958,0,0.878534238,0.11372217,0.00086096,0,5.66735E-05,0
122110220,0,0,0,0,0,0.854309934,0,0,0.145690066
220012110,0,0,0.978723252,4.87485E-05,0,0,0,0,0.021228
102221102,0,0,0,1,0,0,0,0,0
010121020,0.005740117,0.970015628,0.011408703,0.000203317,0,0.000297545,0.00028714,0.002874264,0.009173284
000212001,0.985740024,0.010580691,0.001189833,0,0,0,0.001094526,0.001394926,0
121220201,0,0,0,0,0,0.999566596,0,0.000433404,0
012121020,0.009556159,0.719506206,0,0,0,0.00193325,0.268146063,0.000725876,0.000132447
211021020,0,0,0,0.000133437,0,0,0.00012423,0,0.999742333
221021000,0,0,0,0.000454372,0,0,6.44199E-05,8.81611E-05,0.999393047
011020220,0.99961136,0,0,5.74999E-06,0,0.000380545,0,0,2.34522E-06
211212001,0,0,0,0,0,0,0.977538927,0.022461073,0
102010102,0,0.002031709,0,0.001535782,0.009144785,0.987015402,0,0.000272322,0
101220200,0,0.999639632,0,0,0,9.03039E-07,0,1.0974E-05,0.000348491
002010102,0.006872084,2.6631E-06,0,3.14129E-06,0,0.99294706,0,0.000175052,0
011020202,0.999928486,0,0,4.20241E-06,0,1.14634E-05,0,5.58478E-05,0
121211202,0,0,0,0,0,0,0,1,0
221120201,0,0,0,0,0,0.999981082,0,1.8918E-05,0
200210001,0,2.0636E-05,1.32635E-05,0,0,0.122549836,0.877342409,7.38533E-05,1.8856E-09
220010011,0,0,0.999992959,3.3281E-06,0,1.11192E-06,2.6008E-06,0,0
110212122,0,0,1,0,0,0,0,0,0
002121000,1.88767E-06,6.5889E-06,0,0,0,0,0.999950891,3.59801E-05,4.65257E-06
121120200,0,0,0,0,0,0.002325431,0,0.99760998,6.45894E-05
002101020,6.9536E-07,3.02704E-06,0,0,0.999932653,0,2.35619E-07,0,6.3389E-05
122001121,0,0,0.541284193,0.002722901,0.454441615,0,0.001551291,0,0
122011212,0,0,0,1,0,0,0,0,0
000211000,0.097190908,0.000191123,8.54447E-06,0,0,0,0.003648453,0.000605139,0.898355832
011201022,0.253121267,0,0,0,3.40746E-05,0,0.746844659,0,0
200211000,0,2.17186E-05,3.08929E-06,0,0,0,0.998893175,9.08752E-05,0.000991142
122212110,0,0,0,0,0,0,0,0,1
001122112,0.999124385,0.000875615,0,0,0,0,0,0,0
002112120,0.298757737,0.000109138,0,0,0,0.686570228,0,0,0.014562897
101200221,0,0.921596614,0,0,0.062984982,0.015418404,0,0,0
122011020,0.447351321,0,0,0.036945684,0,0,0.000740064,0,0.514962931
210010122,0,0,0.999978266,1.29864E-05,0,8.74785E-06,0,0,0
100112002,0,0.00038357,0.999449428,0,0,0,5.27511E-05,0.000114252,0
000000000,0.002827862,0.002186675,0.001123499,0.014240514,0.909991434,0.001996861,0.061219289,0.00368609,0.002727775
112021122,0,0,0,1,0,0,0,0,0
011022120,0.064064836,0,0,0.934972373,0,0,0,0,0.000962791
110202002,0,0,0.999721331,0,2.65607E-05,0,6.48431E-06,1.94863E-05,0.000226137
121212002,0,0,0,0,0,0,0.999799843,0.000200157,0
221122210,0,0,0,0,0,0,0,0.718512511,0.281487489
011010220,0.001606041,0,0,0.000357219,0,0.000646341,0,0,0.997390398
100211002,0,0.000196096,0.000360203,0,0,0,0.986983765,0.012459935,0
022110122,0.146898185,0,0,0,0,0.853101815,0,0,0
100211220,0,0.017197944,0.000167556,0,0,0.000141532,0,0.000675281,0.981817687
101220120,0,0.9779059,0,0,0,0.021021452,0,0.000463023,0.000609625
102020001,0,0.001671787,4.18693E-06,3.54856E-05,0,1.45418E-05,0.998268025,1.98759E-06,3.98577E-06
101022102,0,0.067894827,0,0.931045718,0,0,0,0.001059455,0
121112220,0,0,0,0,0,0,0,0,1
212110020,0,0,0,0,0,0.999960019,3.6903E-05,0,3.07755E-06
201122121,0,0.130358624,0,0,0.121812406,0.747828969,0,0,0
000201021,9.45523E-06,0.00045047,0.99953145,0,5.29835E-06,0,3.32652E-06,0,0
101220201,0,0.756235805,0,0,0,0.241010071,0,0.002754124,0
211020201,0,0,1.61318E-06,0.983318585,0.000792231,0.015569827,0.000300425,1.73179E-05,0
001002021,8.335E-09,2.38456E-07,0.002944551,2.81999E-07,2.22562E-08,0.995723558,0.00133134,0,0
022011201,0.894907754,0,0,0.10505173,0,0,0,4.05163E-05,0
001101022,8.28475E-05,4.0885E-06,0,0,2.58847E-06,0,0.999910476,0,0
112210002,0,0,0.065949488,0,0,0.905872152,0.002565896,0.025612465,0
212221011,7.33635E-05,0,0,0,0,0,0.999926636,0,0
210020010,0.000156321,0,0.018574905,7.54119E-06,0,2.51306E-05,5.19151E-06,0,0.981230911
010220010,7.59943E-06,0,2.09578E-05,0,0,0.999647501,0.000320429,0,3.51279E-06
121010202,0,0,0.00077807,0.055911293,0.001741252,0.000996203,0.153957743,0.743742781,0.042872658
021000120,0.000158082,0,0,3.60145E-06,0.99983144,3.66988E-06,0,0,3.20669E-06
021120100,0.000232047,0,0,0.001326512,0,3.11267E-05,0,0.998403793,6.52093E-06
100010202,0,1.73675E-05,0.838613488,0.001744645,1.09998E-07,1.34938E-05,0,0.113339175,0.046271721
101212220,0,0.981869213,0,0,0,0.00133335,0,0.000892869,0.015904568
002120100,0.732510905,0.00789499,0,0.000297577,0,0.063874271,0,0.191538367,0.00388389
211221010,0,0,0,0,0,0,0.803216976,0.00011752,0.196665504
110221022,0,0,0.999946053,0,0,0,5.39468E-05,0,0
120122012,0,0,0.98315853,0,0,0,0.01684147,0,0
122002011,0,0.003105286,0,8.9932E-06,0.302105804,0,0.011489581,0,0.683290336
122022101,0,0,0,0.918995245,0,0,0,0.081004755,0
112020000,0,0,0,0.000486194,0,1.34999E-05,0.999416079,2.87227E-05,5.55046E-05
112202101,0,0,0,0,0.999296543,0,0.000681189,2.22674E-05,0
212221110,7.3615E-05,0,0,0,0,0,0,0,0.999926385
211211020,0,0,0,0,0,0,0.984160203,0,0.015839797
112221021,0,0.041655428,0,0,0,0,0.958344572,0,0
000210010,0.042606732,0.562124154,0.051876001,0.000826254,0,0.337963994,0.004554337,5.38937E-06,4.31386E-05
122210112,0,0,0,0,0.001175593,0.998824407,0,0,0
221120100,0,0,0,0,0,4.46469E-05,0,0.170610058,0.829345295
211022100,0,0,0,0.192088537,0,0,0,0.000128523,0.80778294
011020122,0.999942469,0,0,5.1389E-06,0,5.23916E-05,0,0,0
221122110,0,0,0,0,0,0,0,0,1
110122022,0.001109193,0.000598117,0.975727023,0,0,0,0.020317529,0,0.002248138
200211102,0,1.09797E-06,0.999997485,0,0,0,0,1.41696E-06,0
110112022,0,0,0.20026674,0,0,0,0.79973326,0,0
112011022,0,0,0,0.001104889,0,0,0.998895111,0,0
200121000,0,4.91815E-06,1.28106E-06,0,0,0,5.74138E-06,0.002008832,0.997979228
211012022,0,0,0.000894488,0.01218453,0,0,0.986448546,0,0.000472436
210221021,0,0,0.999982797,0,0,0,1.72029E-05,0,0
020120102,0.30208312,0,4.05352E-06,0,0,2.973E-06,0,0.697909854,0
212122110,0,0,0,0,0,0,0,0,1
120020211,0,0,0.999561243,0.000366531,0,7.22261E-05,0,0,0
100202211,0,3.14511E-06,8.11504E-05,0,0.999915704,0,0,0,0
121022100,0,0,0,0.795178869,0,0,0,0.194573395,0.010247735
211020000,0,0,0,3.93457E-06,0,7.44989E-06,0.000206696,0.000647738,0.999134182
221211010,0,0,0,0,0,0,0.98417965,0,0.01582035
221211000,0,0,0,0,0,0,0.982366897,0.001570021,0.016063082
211001220,0,0,0,0.932584079,2.80476E-05,0,0,0,0.067387874
211112022,0,0,0,0,0,0,1,0,0
112122000,0,0,0,0,0.000485423,0,0.942586945,0.000784772,0.056142861
120121002,0.049293368,0,0.000556321,0,0,0,0.008963452,0.941186859,0
211112202,0,0,0,0,0,0,0,1,0
211212022,0.553997461,0.000552657,0.001086536,0,0,0,0.444363346,0,0
212212101,0,0,0,0,0,0,0,1,0
102212210,0,0.982309653,0,0,0,0.000249575,0,0,0.017440773
112021020,0,0,0,6.02607E-05,0,0,0.999878405,0,6.13339E-05
101012022,0,0.975904467,0,9.19879E-05,0,0,0.024003545,0,0
221121210,0,0,0,0,0,0,0,0,1
212011202,0,0,0,0.980974723,0.002089677,0,0,0.0169356,0
100210212,0,0.983688822,0.000477872,7.14721E-05,0,0.015761834,0,0,0
122121012,0,0,0,0,0,0,1,0,0
121021002,0,0,0.000495872,0.001103345,0,0,0.000598756,0.997802028,0
211202001,0,0,0.001390219,0,0.738937057,0,0.259657006,1.57184E-05,0
211020010,0.000654833,0,0,0.00010565,0,0.001734834,0.000392644,0,0.997112039
122201121,0,0,0.493923024,0,0.506076976,0,0,0,0
110122220,0.000796672,0.062881655,0.877831176,0,0,0.000286013,0,0,0.058204484
122110202,0,0,0.000195506,0,0.07951146,0.445732723,0.099129653,0.375430658,0
211010022,0,0,0.000418835,5.93502E-05,0,0.009382744,0.990139071,0,0
121022112,0,0,0,0.79953014,0.20046986,0,0,0,0
221101102,0,0,0,0,0.999945969,0,0,5.40308E-05,0
221211022,0,0,0,0,0,0,1,0,0
121020000,4.43155E-08,4.43165E-08,0,8.59698E-07,0,1.03802E-06,0.001129226,0.998828874,3.99133E-05
221120010,0,0,0,0,0,5.39552E-05,9.8821E-06,0,0.999936163
112010022,0,0,0.402660127,4.34573E-05,0,0.28114221,0.316154205,0,0
212121021,0,0,0,0,0,0,1,0,0
000211002,0.129484193,1.87424E-07,2.37414E-07,0.870512998,0,0,2.25089E-06,1.32702E-07,0
211022010,0,0,0,0.079142108,0,0,4.55854E-05,0,0.920812307
011021220,0.004602084,0,0,0.005889598,0,0,0,0,0.989508318
112212200,0,0,0,0,0,0,0,0.947961371,0.052038629
122020101,0,0,0,0.478404255,0.464344233,0.001165385,0.00039522,0.055690907,0
110012022,0,0.000107523,0.924243632,0.000238307,0,0,0.029258998,0,0.04615154
101002002,0,0.996134698,0.001258524,0.000510939,0.000273191,0,0.000513106,5.09641E-05,0.001258578
122101221,0,0,0.202815224,0,0.740762061,0,0.056422715,0,0
011221220,0.981658357,0,0,0,0,0,0,0,0.018341643
110000002,2.28579E-06,0,0.963702647,0.002744658,0.007396041,0.004622858,0.006709107,0.011106275,0.003716128
201010200,0,0.003188516,0,0.989988895,0.001622693,4.3813E-06,0,6.12072E-06,0.005189394
122211120,0,0,0,0,0,0,0,0,1
002212010,5.40476E-06,0.999991782,0,0,0,0,1.24333E-06,0,1.57022E-06
121110202,0,0,0,0,0,0.00142463,0,0.99857537,0
001110202,2.71652E-06,1.27693E-06,0,3.46384E-05,0,6.36267E-07,0,0.999960732,0
001212201,0.998973109,5.60375E-06,0,0.000214781,0.000214787,0,0,0.000591719,0
002012010,1.91941E-05,0.994458501,0,0.000174634,0,0,0.000121549,0,0.005226121
110010022,0,0,0.002756054,0.000793547,0,0.00407287,0.992377528,0,0
020212001,0.999984253,0,8.1739E-06,0,0,0,2.57409E-06,4.99865E-06,0
112212120,0,0,0,0,0,0,0,0,1
112022101,0,0,0,0.947697216,0,0,0.05227876,2.40247E-05,0
210211122,0,0,1,0,0,0,0,0,0
112112220,0,0,0,0,0,0,0,0,1
221011020,0.005587559,0.001421527,0,0.250923722,0,0,0.010064591,0,0.732002601
201212001,0,0.010756651,0,0,0,0,0.98917716,6.61897E-05,0
212100201,0,0,0,0,0.998204879,3.0263E-05,0.001648144,0.000116714,0
020211211,0.995161218,0.004815115,2.36671E-05,0,0,0,0,0,0
211120200,0,0,0,0,0,0.000105437,0,8.85695E-05,0.999805993
001122102,0.999919613,8.43102E-06,0,0,0,0,0,7.1956E-05,0
010122120,0.00830071,0.982886643,0.008008108,0,0,0,0,0,0.000804539
100121022,0,0.893931183,1.74579E-05,0,0,0,0.106051359,0,0
221212010,0,0.026134714,0,0,0,0,0.973592918,0,0.000272368
101220122,0,0.999935765,0,0,0,6.42352E-05,0,0,0
212110122,0,0,0,0,0,1,0,0,0
100112220,0,0.003317591,0.000104712,0,0,0.173527781,0,0,0.823049916
112112020,0,0,0,0,0,0,0.005426788,0,0.994573212
110021022,0.249346062,0,0.020594929,0.003093764,0,0,0.726965245,0,0
110211220,0,0,0.038257952,0,0,0,0,0,0.961742048
121202112,0,0,0.000429398,0,0.87195862,0,0,0,0.127611982
200110020,0,5.94926E-05,9.44844E-07,0,0,0.999938197,3.54767E-07,0,1.01084E-06
211210002,0,0,0.001000988,0,0,0.002193544,0.98676071,0.009042525,0.001002233
010200012,4.07545E-07,0,2.648E-06,0,0.999994405,1.04074E-06,1.49919E-06,0,0
001010202,0.287078655,9.97461E-06,0.000683331,0.006482448,0.005058035,0.001584855,0.050488612,0.64861409,0
112121022,0,0,0,0,0,0,1,0,0
112202211,0,0,0.000829095,0,0.965850873,0,0.033320032,0,0
012112221,1,0,0,0,0,0,0,0,0
112010002,0,0,0,0.002598859,0,0.994651482,0.000666183,0.002083476,0
221211020,0.000627218,0.00045425,0,0,0,0.000288367,0.466554775,0,0.53207539
120211220,0.174013564,0,0.029236076,0,0,0,0,0,0.79675036
220001001,0,0,0.998360268,3.687E-06,1.29759E-05,0,6.70415E-06,7.63627E-06,0.001608728
020210021,0.999992363,0,2.04946E-06,0,0,1.32176E-06,4.26582E-06,0,0
000020000,4.39616E-05,0.000231872,0.000258497,0.000824423,3.51955E-05,0.000501961,0.997630204,0.000198698,0.000275188
211110202,0,0,0.000265716,0,0.279810025,0.003263494,0,0.716660765,0
100212102,0,2.89113E-06,0.999982208,0,0,0,0,1.49004E-05,0
212110102,0,0,0,0,0,0.996183954,0,0.003816046,0
212110221,0,0,9.60903E-05,0.000643624,0.028836054,0.969780625,0,0.000643607,0
212122101,0,0,0,0.258121196,0.000758599,0,0.018517968,0.722602237,0
211200001,0,0,2.3899E-07,0,0.001064747,0.004854723,0.99407792,2.37121E-06,0
200211001,0,0.001143313,5.36462E-06,0,0,0,0.998847785,3.53723E-06,0
202120101,0,0.034521102,0,0.002589611,0,1.90498E-06,0,0.962887382,0
212011221,0,0,0.104005945,0.895801776,0,0,0.000192279,0,0
200212101,0,1.10134E-06,0.987136206,0,0,0,0,0.012862693,0
110122212,0.059110255,0.001056402,0.939833343,0,0,0,0,0,0
121022102,0,0,0,0.999374182,0.000469308,0,0,0.00015651,0
211000002,0,0,0,6.68846E-05,0.999869695,4.17144E-06,2.98469E-05,2.94021E-05,0
101012202,0,0.985090419,0,8.29425E-05,0,0,0,0.014826638,0
201010201,0,0.000176623,0,0.998725149,0.000476648,0.000378925,0,0.000242654,0
020121000,2.9466E-06,0,5.85499E-06,0,0,0,3.01549E-06,0.999969938,1.82451E-05
122112210,0,0,0,0,0,0,0,0,1
110220122,0,0,0.999974762,0,0,2.52378E-05,0,0,0
122112010,0,0,0,0,0,0,0.008773816,0,0.991226184
100212012,0,0.986919657,0.009564029,0,0,0.00064047,0.002875844,0,0
101212212,0,1,0,0,0,0,0,0,0
110210220,0,0,0.277259601,0,0,0.002674491,0,0.001285111,0.718780796
000121122,0.920642998,0.079349088,7.91389E-06,0,0,0,0,0,0
101210202,0,0.97364424,0,0,0,0.002342943,0,0.024012817,0
100220001,0,8.57546E-06,6.77318E-06,0,0,0.999953497,2.86013E-05,2.55319E-06,0
100212212,0,0.956953291,0.043046709,0,0,0,0,0,0
221020001,0,0,0,4.42763E-07,0,0.999992843,6.52825E-06,1.86062E-07,0
221210001,0,0,0,0,0,0.221651374,0.777728184,0.000620442,0
221212001,0,0,0,0,0,0,0.999936516,6.34843E-05,0
121211220,0,0,0,0,0,0,0,0,1
122221101,0,0,0.000305022,0.333176245,0.000605232,0,0.000305016,0.665608485,0
112122021,0.004778001,0.01630048,0.001068126,0,0,0,0.977853392,0,0
211122210,0.017992578,0,0,0,0,0,0,0,0.982007422
211122120,0.000271401,0.014376349,0,0,0,0.000189538,0,0,0.985162712
211221120,0,0,0,0.000459573,0.000260207,0.099355273,0,0,0.899924947
002122100,0.69728506,0.000270222,0,0.302244145,0,0,0,0.000199741,8.31968E-07
120211200,0,0,0.001033831,0,0,0,0,0.000657065,0.998309104
201020100,0,0.000128872,0,1.42055E-05,0,1.17382E-05,0,8.31017E-05,0.999762083
221211012,0.00021108,0,0.000303364,0,0,0.000143623,0.953756318,0,0.045585615
211211022,0.013182468,0,0,0,0,0,0.920878254,0,0.065939278
101020202,0,0.993551734,4.68488E-05,0.000591337,0.004836999,9.75236E-05,0.000837062,3.84953E-05,0
212121120,0,0.112610761,0,0,0,0.000456502,0,0,0.886932738
001022100,1.65411E-05,1.55974E-05,0,0.999947064,0,0,0,6.15544E-06,1.46425E-05
211212021,0,0,0.000212659,0,0,0,0.999421067,0,0.000366274
021020100,0.000255949,0,0,0.00015635,0,1.61551E-05,0,0.999558473,1.30725E-05
220211100,0,0,0.999982971,0,0,0,0,1.45544E-05,2.47437E-06
212120100,0,0,0,0,0,0.000136004,0,0.000570372,0.999293624
112000002,0,0,0.26256857,1.34226E-05,0.01593086,0.720422196,0.000177975,1.04834E-05,0.000876494
121001022,2.86561E-06,0,0.005294241,0.000464165,0.077761779,0,0.831332631,0,0.085144318
121211022,0,0,0,0,0,0,1,0,0
020011020,0.000266661,0.003250922,2.62738E-05,0.996439604,0,0,1.40876E-05,0,2.4514E-06
211121220,0.000974018,0.000525559,0,0,0,0,0,0,0.998500422
211020120,0,0,0,0.000551362,0,0.000463399,0,0,0.998985239
121121202,0,0,0.050727603,0.001675315,0.167313524,0,0,0.780283559,0
000120102,0.99844819,0.000531017,0.000157778,0,0,6.27101E-05,0,0.000800305,0
122211210,0,0,0,0,0,0,0,0,1
100211202,0,1.47075E-06,0.99764418,0,0,0,0,0.00235435,0
000020100,0.001509591,0.001864432,0.002378712,0.992494889,0,0.001743101,0,1.16949E-06,8.10497E-06
101220102,0,0.250716277,0,0.007619919,0.000348308,0.735601769,4.03643E-06,0.005709692,0
110220120,0,0,0.003174083,0,0,0.988891591,0,0,0.007934326
212211102,0,0,0,0,0,0,0,1,0
121212210,0.079614027,0.152733365,0,0,0,0.005740876,0,0,0.761911732
110211022,0,0,0.001161128,0,0,0,0.998838872,0,0
112211202,0,0,0,0,0,0,0,1,0
112220100,0,0,0,0.012690077,0,0.985581206,0,0.000275945,0.001452772
121220100,0,0,0,1.75874E-09,0,0.192005238,0,0.806866333,0.001128427
112211220,0,0.000185286,0,0.012341202,0,0.000239626,0,0,0.987233886
101010202,0,0.002896891,0,0.005922564,0,0.005898191,0,0.985282353,0
202120121,0,0.000218035,0,0,0,0.976566415,0,0.02321555,0
121221102,0,0,0,0.040464374,0.007941797,0,0.00025223,0.933712749,0.017628849
000220100,0.999973042,9.48733E-06,4.3608E-06,0,0,7.56233E-12,0,5.7692E-06,7.34082E-06
101211202,0,0.003349812,0,0,0,0,0,0.996650188,0
100220100,0,0.00049749,0.001430996,3.10452E-07,0,0.997160939,0,0.000377752,0.000532512
