"date","weighted","close","high","low","open","volume"
"2017-06-13 01:06:00","0.551865","0.587","0.589","0.538","0.553","89085.41"
"2017-06-14 01:06:00","0.557958","0.5202","0.6101","0.4795","0.587","4352877.46"
"2017-06-15 01:06:00","0.384663","0.3467","0.5447","0.2912","0.5202","2693369.33"
"2017-06-16 01:06:00","0.403856","0.4082","0.599","0.3053","0.3467","1857604.87"
"2017-06-17 01:06:00","0.437744","0.428","0.4512","0.4","0.4082","622794.3"
"2017-06-18 01:06:00","0.412033","0.4056","0.4502","0.385","0.428","722974.53"
"2017-06-19 01:06:00","0.416359","0.4254","0.435","0.395","0.4056","788130.95"
"2017-06-20 01:06:00","0.429705","0.4405","0.4472","0.411","0.4254","1391167.54"
"2017-06-21 01:06:00","0.442622","0.425","0.4624","0.415","0.4405","1528500.55"
"2017-06-22 01:06:00","0.434989","0.4373","0.4499","0.4114","0.425","469896.82"
"2017-06-23 01:06:00","0.456874","0.4828","0.4828","0.433","0.4373","928850.24"
"2017-06-24 01:06:00","0.536405","0.5053","0.6289","0.4767","0.4828","4742047.02"
"2017-06-25 01:06:00","0.483793","0.4653","0.5214","0.4401","0.5053","1707780.99"
"2017-06-26 01:06:00","0.39078","0.408","0.4659","0.3401","0.4653","2770249.45"
"2017-06-27 01:06:00","0.371996","0.394","0.42","0.3483","0.408","1203467.51"
"2017-06-28 01:06:00","0.372211","0.373","0.4","0.3511","0.394","1255278.06"
"2017-06-29 01:06:00","0.407192","0.411","0.4599","0.3619","0.373","1584518.22"
"2017-06-30 01:06:00","0.424382","0.398","0.449","0.393","0.411","1065339.66"
"2017-07-01 01:07:00","0.38947","0.3811","0.4129","0.3701","0.398","654289.32"
"2017-07-02 01:07:00","0.373076","0.3769","0.39","0.36","0.3811","844444.57"
"2017-07-03 01:07:00","0.367204","0.376","0.385","0.35","0.3769","1359977.28"
"2017-07-04 01:07:00","0.391038","0.3938","0.4098","0.3702","0.376","1126011.22"
"2017-07-05 01:07:00","0.381623","0.381","0.3987","0.3681","0.3938","883114.64"
"2017-07-06 01:07:00","0.35257","0.3529","0.3851","0.3033","0.381","3901437.55"
"2017-07-07 01:07:00","0.302768","0.2822","0.3565","0.27","0.3529","3613254.61"
"2017-07-08 01:07:00","0.297026","0.3003","0.3202","0.2751","0.2822","1526339.31"
"2017-07-09 01:07:00","0.295275","0.3","0.3125","0.2829","0.3003","891132.55"
"2017-07-10 01:07:00","0.237545","0.21","0.3041","0.1837","0.3","5296590.19"
"2017-07-11 01:07:00","0.205161","0.1869","0.2342","0.1837","0.21","3061285.43"
"2017-07-12 01:07:00","0.214282","0.2288","0.2395","0.1806","0.1869","2354393.15"
"2017-07-13 01:07:00","0.214182","0.2129","0.239","0.1875","0.2288","1739467.77"
"2017-07-14 01:07:00","0.181181","0.1751","0.2131","0.1602","0.2129","1387934.01"
"2017-07-15 01:07:00","0.159212","0.1582","0.1763","0.1427","0.1751","2300878.63"
"2017-07-16 01:07:00","0.171817","0.178","0.188","0.155","0.1582","1876063.18"
"2017-07-17 01:07:00","0.237922","0.264","0.28","0.1767","0.178","7509664.3"
"2017-07-18 01:07:00","0.287067","0.268","0.3123","0.246","0.264","6657222.4"
"2017-07-19 01:07:00","0.254382","0.2314","0.2849","0.23","0.268","3743900.98"
"2017-07-20 01:07:00","0.277621","0.2937","0.3043","0.2302","0.2314","5318148.16"
"2017-07-21 01:07:00","0.280959","0.2595","0.3078","0.2452","0.2937","3641056.26"
"2017-07-22 01:07:00","0.265087","0.2716","0.2785","0.2536","0.2595","1940216.9"
"2017-07-23 01:07:00","0.268696","0.2649","0.28","0.2551","0.2716","1593743.24"
"2017-07-24 01:07:00","0.257573","0.2674","0.273","0.2361","0.2649","2223748.01"
"2017-07-25 01:07:00","0.248899","0.25","0.2688","0.2365","0.2674","1449237.77"
"2017-07-26 01:07:00","0.268504","0.2744","0.2845","0.2409","0.25","2070284.26"
"2017-07-27 01:07:00","0.279549","0.273","0.285","0.2711","0.2744","1653067.65"
"2017-07-28 01:07:00","0.268979","0.2651","0.2765","0.262","0.273","801625.57"
"2017-07-29 01:07:00","0.258934","0.2767","0.278","0.243","0.2651","1129721.44"
"2017-07-30 01:07:00","0.2632","0.2547","0.278","0.2502","0.2767","1506166.63"
"2017-07-31 01:07:00","0.252369","0.254","0.26","0.244","0.2547","774020.48"
"2017-08-01 01:08:00","0.275695","0.291","0.294","0.2493","0.254","2349162.12"
"2017-08-02 01:08:00","0.280807","0.286","0.2939","0.2715","0.291","1649745.33"
"2017-08-03 01:08:00","0.318387","0.3319","0.3392","0.285","0.286","4842192.93"
"2017-08-04 01:08:00","0.388635","0.3937","0.4217","0.3315","0.3319","10871829.36"
"2017-08-05 01:08:00","0.402915","0.408","0.4316","0.3601","0.3937","5389189.87"
"2017-08-06 01:08:00","0.41216","0.4299","0.44","0.395","0.408","2911311.32"
"2017-08-07 01:08:00","0.460464","0.474","0.49","0.411","0.4299","7356892.23"
"2017-08-08 01:08:00","0.50591","0.5481","0.5517","0.4555","0.474","12202146.77"
"2017-08-09 01:08:00","0.533032","0.53","0.557","0.5091","0.5481","7137062.66"
"2017-08-10 01:08:00","0.55838","0.5624","0.5892","0.5069","0.53","9266383.94"
"2017-08-11 01:08:00","0.636578","0.6547","0.7177","0.5561","0.5624","21553380.53"
"2017-08-12 01:08:00","0.675341","0.72","0.73","0.6128","0.6547","9837488.27"
"2017-08-13 01:08:00","0.778595","0.8043","0.83","0.69","0.72","21581927.23"
"2017-08-14 01:08:00","0.894687","0.972","0.9797","0.7914","0.8043","26449307.52"
"2017-08-15 01:08:00","0.900534","0.917","0.995","0.75","0.972","52452063.41"
"2017-08-16 01:08:00","0.96204","1.04","1.05","0.8633","0.917","27930190.55"
"2017-08-17 01:08:00","1.057961","1.01","1.1","0.99","1.04","33921131.2"
"2017-08-18 01:08:00","0.900861","0.867","1.04","0.7611","1.01","39474941.58"
"2017-08-19 01:08:00","0.880543","0.9791","0.9859","0.77","0.867","22746400.58"
"2017-08-20 01:08:00","0.983179","0.9101","1.03","0.91","0.9791","18151967.21"
"2017-08-21 01:08:00","0.887222","0.9001","0.9408","0.84","0.9101","17235787.98"
"2017-08-22 01:08:00","0.839112","0.838","0.9046","0.7778","0.9001","15961001.46"
"2017-08-23 01:08:00","0.880933","0.851","0.9408","0.8303","0.838","15372233.07"
"2017-08-24 01:08:00","0.843158","0.89","0.8949","0.7959","0.851","8478289.04"
"2017-08-25 01:08:00","0.883408","0.9164","0.9349","0.835","0.891","11436765.65"
"2017-08-26 01:08:00","0.925076","0.96","0.9749","0.875","0.9164","9399472.89"
"2017-08-27 01:08:00","0.920648","0.9193","0.9801","0.88","0.96","8671763.44"
"2017-08-28 01:08:00","0.859116","0.8744","0.929","0.78","0.9194","11772010.85"
"2017-08-29 01:08:00","0.804674","0.8125","0.875","0.7053","0.8744","15007894.58"
"2017-08-30 01:08:00","0.843726","0.8675","0.8765","0.7838","0.8125","9937742.85"
"2017-08-31 01:08:00","0.867189","0.8415","0.9","0.82","0.8675","9170131.8"
"2017-09-01 01:09:00","0.832841","0.7927","0.88","0.771","0.8415","16395351.93"
"2017-09-02 01:09:00","0.702217","0.6921","0.7999","0.64","0.7927","24754845.75"
"2017-09-03 01:09:00","0.726686","0.7417","0.777","0.666","0.6921","19943217.78"
"2017-09-04 01:09:00","0.563027","0.5484","0.7442","0.3633","0.7417","54618042.4"
"2017-09-05 01:09:00","0.564746","0.6132","0.6499","0.455","0.5484","28222355.85"
"2017-09-06 01:09:00","0.677063","0.7394","0.7488","0.592","0.6132","19935928.92"
"2017-09-07 01:09:00","0.672669","0.6479","0.74","0.6141","0.7394","20523394.74"
"2017-09-08 01:09:00","0.548741","0.5373","0.66","0.4786","0.6479","33374603.24"
"2017-09-09 01:09:00","0.553169","0.5594","0.584","0.5183","0.5373","10289183.11"
"2017-09-10 01:09:00","0.501323","0.4989","0.569","0.4588","0.5594","24813146.87"
"2017-09-11 01:09:00","0.510189","0.5628","0.569","0.479","0.4989","13731837.93"
"2017-09-12 01:09:00","0.603294","0.5918","0.6495","0.5408","0.5628","34890237.71"
"2017-09-13 01:09:00","0.523734","0.5613","0.5979","0.4714","0.5918","22654031.7"
"2017-09-14 01:09:00","0.4903","0.4494","0.576","0.441","0.5613","23728451.14"
"2017-09-15 01:09:00","0.443276","0.4797","0.5127","0.37","0.4494","32174255.59"
"2017-09-16 01:09:00","0.480982","0.4848","0.5128","0.452","0.4797","10781627.67"
"2017-09-17 01:09:00","0.485645","0.4958","0.5048","0.461","0.4848","5356020.42"
"2017-09-18 01:09:00","0.574738","0.6075","0.6171","0.4934","0.4958","22068230.21"
"2017-09-19 01:09:00","0.573324","0.5585","0.6145","0.5521","0.6075","10565680.92"
"2017-09-20 01:09:00","0.568192","0.5674","0.5911","0.541","0.5585","6653281"
"2017-09-21 01:09:00","0.508876","0.4985","0.5728","0.4653","0.5674","13514129.04"
"2017-09-22 01:09:00","0.493313","0.505","0.5178","0.471","0.4985","6901949.13"
"2017-09-23 01:09:00","0.534488","0.54","0.555","0.4935","0.505","6092149.64"
"2017-09-24 01:09:00","0.522192","0.5213","0.5424","0.5042","0.54","6041901.38"
"2017-09-25 01:09:00","0.549358","0.556","0.569","0.5208","0.5213","7539856.35"
"2017-09-26 01:09:00","0.53373","0.5146","0.56","0.5051","0.556","7950222.7"
"2017-09-27 01:09:00","0.535399","0.5509","0.5544","0.505","0.5146","8650909.35"
"2017-09-28 01:09:00","0.574885","0.5951","0.6147","0.5261","0.5509","15437603"
"2017-09-29 01:09:00","0.574974","0.5836","0.6103","0.541","0.5951","12467881.33"
"2017-09-30 01:09:00","0.621531","0.6223","0.6493","0.576","0.5836","15969866.22"
"2017-10-01 01:10:00","0.608146","0.6124","0.6318","0.591","0.6223","5925652.34"
"2017-10-02 01:10:00","0.588","0.578","0.6225","0.5638","0.6124","9092544.18"
"2017-10-03 01:10:00","0.540643","0.5606","0.582","0.512","0.578","8630146.94"
"2017-10-04 01:10:00","0.538204","0.5447","0.5697","0.515","0.5606","5304712.1"
"2017-10-05 01:10:00","0.544521","0.5424","0.5681","0.5161","0.5447","4345544.28"
"2017-10-06 01:10:00","0.528339","0.504","0.5632","0.4874","0.5424","6831300.18"
"2017-10-07 01:10:00","0.515248","0.5369","0.551","0.486","0.504","5280957.56"
"2017-10-08 01:10:00","0.522061","0.5","0.54","0.493","0.5369","5400311.2"
"2017-10-09 01:10:00","0.465439","0.469","0.505","0.433","0.5","10532685.58"
"2017-10-10 01:10:00","0.473398","0.476","0.4896","0.451","0.469","3382461.35"
"2017-10-11 01:10:00","0.475117","0.4816","0.4889","0.462","0.476","3021065.14"
"2017-10-12 01:10:00","0.432349","0.414","0.4867","0.38","0.4816","8673915.71"
"2017-10-13 01:10:00","0.424317","0.44","0.4476","0.4","0.414","6416802.07"
"2017-10-14 01:10:00","0.460899","0.4591","0.4845","0.4293","0.44","6667635.01"
"2017-10-15 01:10:00","0.432241","0.4383","0.461","0.41","0.4591","4354699.69"
"2017-10-16 01:10:00","0.442498","0.4489","0.4597","0.42","0.437","3408883.4"
"2017-10-17 01:10:00","0.460045","0.468","0.507","0.4311","0.4489","5656421.31"
"2017-10-18 01:10:00","0.450497","0.453","0.479","0.425","0.4686","5135366.44"
"2017-10-19 01:10:00","0.435759","0.4326","0.4677","0.41","0.4543","4894935.25"
"2017-10-20 01:10:00","0.405641","0.3995","0.4345","0.3857","0.4327","8105050.03"
"2017-10-21 01:10:00","0.360877","0.3882","0.4065","0.3193","0.3999","9892547.08"
"2017-10-22 01:10:00","0.392543","0.3823","0.408","0.3761","0.3882","4764777.05"
"2017-10-23 01:10:00","0.368518","0.388","0.394","0.34","0.3822","6131515.31"
"2017-10-24 01:10:00","0.447966","0.45","0.5059","0.3701","0.388","29222238.12"
"2017-10-25 01:10:00","0.44546","0.443","0.4769","0.4271","0.455","7419496.39"
"2017-10-26 01:10:00","0.432995","0.4168","0.457","0.4115","0.4434","5181760.47"
"2017-10-27 01:10:00","0.416475","0.4231","0.44","0.39","0.4155","4981146.23"
"2017-10-28 01:10:00","0.405563","0.3952","0.4309","0.391","0.4249","3727359.13"
"2017-10-29 01:10:00","0.388236","0.4024","0.415","0.367","0.3961","7988562.42"
"2017-10-29 24:10:00","0.400366","0.408","0.415","0.3851","0.4032","4209394.69"
"2017-10-30 24:10:00","0.397703","0.3918","0.4087","0.3891","0.4073","3872511.62"
"2017-10-31 24:10:00","0.372139","0.3644","0.3923","0.3517","0.3912","5509264.94"
"2017-11-01 24:11:00","0.350085","0.3661","0.3847","0.32","0.3637","10324161.19"
"2017-11-02 24:11:00","0.373268","0.3927","0.3967","0.3588","0.3642","6072020.33"
"2017-11-03 24:11:00","0.373305","0.3685","0.3937","0.3649","0.3937","3646845.37"
"2017-11-04 24:11:00","0.348782","0.3506","0.371","0.335","0.3695","5525771"
"2017-11-05 24:11:00","0.360594","0.3729","0.3795","0.3387","0.3506","5451385.89"
"2017-11-06 24:11:00","0.380772","0.3824","0.398","0.3621","0.374","7791821.31"
"2017-11-07 24:11:00","0.442894","0.473","0.4905","0.38","0.3824","25446432.19"
"2017-11-08 24:11:00","0.552217","0.5335","0.5999","0.464","0.4746","50128964.26"
"2017-11-09 24:11:00","0.506617","0.503","0.564","0.455","0.5338","33670596.7"
"2017-11-10 24:11:00","0.550842","0.6199","0.6249","0.4939","0.5011","17511551.95"
"2017-11-11 24:11:00","0.577437","0.5885","0.635","0.505","0.6237","20183170.3"
"2017-11-12 24:11:00","0.604421","0.5861","0.6394","0.5673","0.5861","18251885.46"
"2017-11-13 24:11:00","0.580046","0.6059","0.6189","0.525","0.5835","16593511.2"
"2017-11-14 24:11:00","0.683893","0.787","0.7873","0.6","0.6059","33027096.07"
"2017-11-15 24:11:00","0.799422","0.825","0.8967","0.706","0.787","48084616.43"
"2017-11-16 24:11:00","0.803557","0.791","0.8777","0.7263","0.825","41712614.92"
"2017-11-17 24:11:00","0.788978","0.819","0.849","0.7499","0.7912","23561110.19"
"2017-11-18 24:11:00","0.849211","0.8528","0.884","0.8047","0.8163","22691168.02"
"2017-11-19 24:11:00","0.931506","0.9531","0.984","0.85","0.851","30558575.93"
"2017-11-20 24:11:00","0.891027","0.8846","0.982","0.7463","0.9584","39379797.74"
"2017-11-21 24:11:00","0.904717","0.9009","0.9551","0.8524","0.8844","26686976.76"
"2017-11-22 24:11:00","0.86724","0.7791","0.915","0.779","0.9009","27029628.69"
"2017-11-23 24:11:00","0.736297","0.7835","0.7942","0.668","0.7791","33935405.32"
"2017-11-24 24:11:00","0.782899","0.8055","0.856","0.7051","0.7837","23880679.36"
"2017-11-26 24:11:00","0.934001","1.04","1.1","0.7882","0.8055","44909311.15"
"2017-11-27 24:11:00","1.180052","1.45","1.47","1.02","1.04","64625717.35"
"2017-11-28 24:11:00","1.401615","1.24","1.54","1.07","1.45","63751202.76"
"2017-11-29 24:11:00","1.255779","1.31","1.38","1.08","1.24","52871372.99"
"2017-11-30 24:11:00","1.357942","1.44","1.5","1.22","1.31","39031245.36"
"2017-12-01 24:12:00","1.40078","1.44","1.45","1.33","1.44","38912891.4"
"2017-12-02 24:12:00","1.712658","1.84","1.98","1.42","1.45","59893496.83"
"2017-12-03 24:12:00","2.404225","2.63","2.89","1.83","1.84","103291345.31"
"2017-12-04 24:12:00","3.256348","3.82","3.97","2.1","2.63","260234070.52"
"2017-12-05 24:12:00","4.511652","4.45","5.58","3.51","3.74","421344163.75"
"2017-12-06 24:12:00","3.711147","4.04","4.58","3.03","4.35","320704992.95"
"2017-12-07 24:12:00","4.13982","4.93","4.95","3.43","4.04","265688180.62"
"2017-12-08 24:12:00","4.64089","4.52","5.2","4.01","4.95","257716406.47"
"2017-12-09 24:12:00","4.057559","3.98","4.53","3.58","4.53","282707340.81"
"2017-12-10 24:12:00","4.234527","4.22","4.55","4","4.04","147499517.53"
"2017-12-11 24:12:00","4.616737","4.73","5.03","4.13","4.22","187219571.5"
"2017-12-12 24:12:00","4.128762","4.05","4.78","3.63","4.73","198218439.92"
"2017-12-13 24:12:00","3.720329","3.67","4.33","3.25","4.05","234297788.03"
"2017-12-14 24:12:00","3.750301","3.9","4.19","3.32","3.7","170564268.26"
"2017-12-15 24:12:00","3.679637","3.59","4.04","3.4","3.9","112269586.36"
"2017-12-16 24:12:00","3.675559","3.76","3.98","3.41","3.59","118889809.27"
"2017-12-17 24:12:00","4.011211","4.16","4.38","3.52","3.76","170934670.83"
"2017-12-18 24:12:00","4.797884","5.32","5.8","3.7","4.16","496624251.78"
"2017-12-19 24:12:00","5.008724","4.87","5.55","4.5","5.32","262318827.48"
"2017-12-20 24:12:00","4.917615","4.74","5.33","4.51","4.87","183549919.37"
"2017-12-21 24:12:00","3.141357","3.38","4.83","1.1","4.74","486846533.94"
"2017-12-22 24:12:00","3.743797","3.56","4.09","3.25","3.38","143725391.19"
"2017-12-23 24:12:00","3.242568","3.42","3.6","2.72","3.56","156905602.12"
"2017-12-24 24:12:00","3.53608","3.45","3.79","3.21","3.42","83480266.36"
"2017-12-25 24:12:00","3.619633","3.77","3.79","3.43","3.45","69066741.87"
"2017-12-26 24:12:00","3.913582","3.7","4.34","3.58","3.77","160528719.68"
"2017-12-27 24:12:00","3.435577","3.65","3.77","3.21","3.7","94241062.36"
"2017-12-28 24:12:00","3.667385","3.65","3.91","3.43","3.65","77358590.64"
"2017-12-29 24:12:00","3.214571","3.24","3.74","2.9","3.65","101368721.21"
"2017-12-30 24:12:00","3.472808","3.51","3.69","3.23","3.24","56908518.99"
"2017-12-31 24:12:00","3.837884","3.9","4.2","3.39","3.51","84251830.24"
"2018-01-01 24:01:00","4.054729","3.98","4.25","3.79","3.9","84449230.53"
"2018-01-02 24:01:00","4.026856","4.13","4.18","3.9","3.98","55821832.72"
"2018-01-03 24:01:00","4.096799","4.1","4.5","3.71","4.13","94278981.39"
"2018-01-04 24:01:00","3.914953","3.76","4.19","3.62","4.1","51367251.26"
"2018-01-05 24:01:00","3.96856","3.99","4.14","3.75","3.76","37675132.96"
"2018-01-06 24:01:00","4.167689","4.08","4.44","3.95","3.99","80942261.34"
"2018-01-07 24:01:00","3.82561","3.79","4.2","3.16","4.08","72494523.33"
"2018-01-08 24:01:00","3.662424","3.53","3.92","3.41","3.79","50959571.02"
"2018-01-09 24:01:00","3.446593","3.75","3.77","3.1","3.53","61960894.5"
"2018-01-10 24:01:00","3.380952","3.35","3.8","2.95","3.74","75688128.98"
"2018-01-11 24:01:00","3.511702","3.64","3.7","3.22","3.35","31502035.84"
"2018-01-12 24:01:00","3.889872","3.9","4.08","3.64","3.64","50484640.15"
"2018-01-13 24:01:00","3.748982","3.72","4.03","3.57","3.9","38775769.09"
"2018-01-14 24:01:00","3.592466","3.47","3.77","3.41","3.72","24637422.7"
"2018-01-15 24:01:00","2.738477","2.55","3.48","1.92","3.47","125424301.96"
"2018-01-16 24:01:00","2.400706","2.7","2.93","1.93","2.55","95448237.5"
"2018-01-17 24:01:00","2.82039","2.71","3.03","2.55","2.7","50048635.84"
"2018-01-18 24:01:00","2.685617","2.66","2.91","2.4","2.71","36440937.68"
"2018-01-19 24:01:00","2.961807","2.99","3.15","2.66","2.66","41106340.56"
"2018-01-20 24:01:00","2.774446","2.77","2.99","2.6","2.99","33740924.74"
"2018-01-21 24:01:00","2.478442","2.45","2.91","2.12","2.77","46253522.93"
"2018-01-22 24:01:00","2.435849","2.51","2.64","2.2","2.45","31850361.33"
"2018-01-23 24:01:00","2.446265","2.46","2.58","2.34","2.51","24071816.45"
"2018-01-24 24:01:00","2.440554","2.35","2.6","2.33","2.46","19007018.97"
"2018-01-25 24:01:00","2.29886","2.36","2.46","2.19","2.35","22986403.28"
"2018-01-26 24:01:00","2.427686","2.46","2.5","2.34","2.36","14895061.5"
"2018-01-27 24:01:00","2.503306","2.5","2.56","2.44","2.46","11621944.02"
"2018-01-28 24:01:00","2.482807","2.55","2.59","2.38","2.5","16566340.13"
"2018-01-29 24:01:00","2.384543","2.22","2.62","2.15","2.55","38126404.85"
"2018-01-30 24:01:00","2.258781","2.3","2.35","2.17","2.22","14445039.62"
"2018-01-31 24:01:00","1.927634","1.89","2.31","1.72","2.3","46430546.96"
"2018-02-01 24:02:00","1.691631","1.8","1.95","1.43","1.89","54347809.64"
"2018-02-02 24:02:00","1.889699","2.01","2.05","1.62","1.8","24729050.17"
"2018-02-03 24:02:00","1.825214","1.74","2.08","1.6","2.01","27886300.37"
"2018-02-04 24:02:00","1.51495","1.44","1.78","1.33","1.74","36567257.59"
"2018-02-05 24:02:00","1.422403","1.59","1.72","1.2","1.44","43155356.02"
"2018-02-06 24:02:00","1.709671","1.59","1.88","1.51","1.59","33694026.24"
"2018-02-07 24:02:00","1.782891","1.76","1.88","1.59","1.59","19621403.64"
"2018-02-08 24:02:00","1.837234","1.93","1.99","1.66","1.76","19983997.87"
"2018-02-09 24:02:00","1.910177","1.83","2.11","1.73","1.93","22976646.57"
"2018-02-10 24:02:00","1.702259","1.67","1.84","1.58","1.83","14509089.33"
"2018-02-11 24:02:00","1.825368","1.88","1.91","1.67","1.67","12512544.61"
"2018-02-12 24:02:00","1.784717","1.82","1.88","1.72","1.88","8560481.34"
"2018-02-13 24:02:00","1.932912","2.03","2.04","1.77","1.82","16364321.1"
"2018-02-14 24:02:00","2.067744","2.1","2.19","1.97","2.03","24671247.96"
"2018-02-15 24:02:00","2.05867","2.1","2.18","1.96","2.1","15726765.23"
"2018-02-16 24:02:00","2.164383","2.2","2.21","2.07","2.1","13707120.76"
"2018-02-17 24:02:00","2.054883","1.96","2.21","1.91","2.2","15124430.83"
"2018-02-18 24:02:00","2.081194","2.07","2.16","1.94","1.96","10182264.68"
"2018-02-19 24:02:00","1.984109","1.88","2.12","1.82","2.07","16136380.64"
"2018-02-20 24:02:00","1.786745","1.71","1.92","1.69","1.88","19209522.08"
"2018-02-21 24:02:00","1.649687","1.6","1.85","1.54","1.71","19184218.92"
"2018-02-22 24:02:00","1.702636","1.71","1.8","1.56","1.6","11963508.18"
"2018-02-23 24:02:00","1.706847","1.74","1.79","1.62","1.71","11249252.74"
"2018-02-24 24:02:00","1.849639","1.79","1.96","1.71","1.74","24302805.53"
"2018-02-25 24:02:00","1.8355","1.85","1.91","1.74","1.79","12017374.42"
"2018-02-26 24:02:00","1.951817","1.96","2.09","1.79","1.85","20337023.85"
"2018-02-27 24:02:00","1.926315","1.85","2.02","1.82","1.96","13272687.76"
"2018-02-28 24:02:00","1.959676","1.97","2.02","1.82","1.85","12318435.96"
"2018-03-01 24:03:00","1.926505","1.92","2.02","1.85","1.97","7773573.48"
"2018-03-02 24:03:00","1.889205","1.86","1.97","1.84","1.92","7189078.39"
"2018-03-03 24:03:00","1.86945","1.89","1.92","1.81","1.86","7419008.41"
"2018-03-04 24:03:00","1.870985","1.86","1.9","1.84","1.89","5706428.71"
"2018-03-05 24:03:00","1.723523","1.68","1.9","1.61","1.86","21157543.96"
"2018-03-06 24:03:00","1.523143","1.53","1.72","1.35","1.68","30341844.21"
"2018-03-07 24:03:00","1.444587","1.37","1.54","1.35","1.53","13203611.14"
"2018-03-08 24:03:00","1.272241","1.38","1.4","1.14","1.37","24931470.82"
"2018-03-09 24:03:00","1.380359","1.29","1.48","1.27","1.38","13439475.76"
"2018-03-10 24:03:00","1.326862","1.37","1.44","1.23","1.29","12488044.7"
"2018-03-11 24:03:00","1.335205","1.33","1.42","1.26","1.37","9760650.79"
"2018-03-12 24:03:00","1.308501","1.3","1.35","1.27","1.33","4676229.34"
"2018-03-13 24:03:00","1.164997","1.11","1.32","1.09","1.3","13038696.77"
"2018-03-14 24:03:00","1.081179","1.09","1.15","1.03","1.11","14361572.61"
"2018-03-15 24:03:00","1.096756","1.09","1.15","1.02","1.09","8151841.48"
"2018-03-16 24:03:00","1.106513","1.13","1.15","1.06","1.09","10969144.33"
"2018-03-17 24:03:00","1.170084","1.23","1.31","1.05","1.13","34018899.95"
"2018-03-18 24:03:00","1.261546","1.32","1.34","1.18","1.23","17802560.49"
"2018-03-19 24:03:00","1.413825","1.44","1.53","1.28","1.32","21867894.12"
"2018-03-20 24:03:00","1.40818","1.37","1.5","1.34","1.44","15743742.1"
"2018-03-21 24:03:00","1.319234","1.32","1.42","1.26","1.37","9091837.53"
"2018-03-22 24:03:00","1.287763","1.36","1.36","1.24","1.32","7840630.68"
"2018-03-23 24:03:00","1.36724","1.32","1.42","1.31","1.36","7237483.49"
"2018-03-24 24:03:00","1.316159","1.32","1.37","1.26","1.32","6089384.96"
"2018-03-26 01:03:00","1.231528","1.23","1.33","1.18","1.32","9154908.64"
"2018-03-27 01:03:00","1.189719","1.17","1.24","1.14","1.23","7488226.54"
"2018-03-28 01:03:00","1.204945","1.18","1.25","1.16","1.17","4191646.52"
"2018-03-29 01:03:00","1.105718","1.09","1.19","1.06","1.18","13044785.54"
"2018-03-30 01:03:00","1.082712","1.11","1.14","1.05","1.09","10606415.66"
"2018-03-31 01:03:00","1.106462","1.07","1.16","1.06","1.11","7346004.85"
"2018-04-01 01:04:00","1.001897","0.9871","1.09","0.94","1.07","11460934.47"
"2018-04-02 01:04:00","1.02272","1.03","1.06","0.9812","0.9871","5744555.65"
"2018-04-03 01:04:00","1.075004","1.11","1.12","1.03","1.03","6132185.67"
"2018-04-04 01:04:00","1.012984","0.9815","1.11","0.955","1.11","7253664.69"
"2018-04-05 01:04:00","0.960302","0.972","0.9942","0.925","0.9815","5348936.3"
"2018-04-06 01:04:00","0.946677","0.9316","0.995","0.915","0.972","3406180.19"
"2018-04-07 01:04:00","0.982927","0.9799","1.03","0.9264","0.9316","4004347.72"
"2018-04-08 01:04:00","1.015092","1.03","1.05","0.9681","0.9799","4594574.29"
"2018-04-09 01:04:00","1.012271","0.9905","1.07","0.9622","1.03","5709691.75"
"2018-04-10 01:04:00","0.991423","1.01","1.02","0.96","0.9905","3431442.4"
"2018-04-11 01:04:00","1.032838","1.07","1.07","1","1.01","3787314.06"
"2018-04-12 01:04:00","1.231971","1.34","1.4","1.03","1.07","29622780.38"
"2018-04-13 01:04:00","1.399033","1.32","1.51","1.28","1.34","37946590.86"
"2018-04-14 01:04:00","1.376152","1.44","1.47","1.29","1.32","14221912.38"
"2018-04-15 01:04:00","1.599491","1.67","1.7","1.44","1.44","45012070.66"
"2018-04-16 01:04:00","1.584529","1.63","1.7","1.52","1.67","30914544.17"
"2018-04-17 01:04:00","1.607472","1.56","1.67","1.54","1.63","16905500.93"
"2018-04-18 01:04:00","1.628311","1.69","1.72","1.54","1.56","16980321.5"
"2018-04-19 01:04:00","1.711764","1.77","1.79","1.63","1.69","18256763.96"
"2018-04-20 01:04:00","1.890979","1.98","2.02","1.74","1.77","33020249.13"
"2018-04-21 01:04:00","1.895739","1.93","2.01","1.81","1.98","23749990.75"
"2018-04-22 01:04:00","2.03389","2","2.12","1.87","1.93","33994601.16"
"2018-04-23 01:04:00","2.114757","2.13","2.2","1.98","2","28679894.62"
"2018-04-24 01:04:00","2.175212","2.13","2.24","2.11","2.13","30339526.49"
"2018-04-25 01:04:00","1.894393","1.79","2.13","1.72","2.13","56529117.81"
"2018-04-26 01:04:00","1.882213","2.04","2.07","1.7","1.79","25359196.3"
"2018-04-27 01:04:00","1.997729","1.89","2.1","1.87","2.04","22323292.37"
"2018-04-28 01:04:00","2.025043","2.03","2.09","1.87","1.89","20824810.83"
"2018-04-29 01:04:00","2.024287","2.03","2.14","1.91","2.03","27630481.47"
"2018-04-30 01:04:00","1.972019","1.96","2.05","1.92","2.03","17033512.41"
"2018-05-01 01:05:00","1.875493","1.99","1.99","1.81","1.96","20447065.69"
"2018-05-02 01:05:00","2.162995","2.26","2.35","1.94","1.99","48688543.59"
"2018-05-03 01:05:00","2.476707","2.58","2.7","2.2","2.26","94215328.77"
"2018-05-04 01:05:00","2.439497","2.45","2.59","2.33","2.58","40970823.93"
"2018-05-05 01:05:00","2.374083","2.39","2.47","2.3","2.45","20587962.71"
"2018-05-06 01:05:00","2.328549","2.3","2.52","2.19","2.39","33643864.44"
"2018-05-07 01:05:00","2.181602","2.25","2.31","2.07","2.3","31827581.47"
"2018-05-08 01:05:00","2.413809","2.44","2.55","2.23","2.25","61492764.65"
"2018-05-09 01:05:00","2.326153","2.29","2.44","2.26","2.44","20174098.02"
"2018-05-10 01:05:00","2.226118","2.14","2.32","2.13","2.29","16262127.83"
"2018-05-11 01:05:00","1.908145","1.84","2.14","1.77","2.14","48789565.25"
"2018-05-12 01:05:00","1.837281","1.9","1.95","1.69","1.84","26444445.38"
"2018-05-13 01:05:00","1.936702","2","2.03","1.81","1.9","17808796.96"
"2018-05-14 01:05:00","1.920974","1.93","2.02","1.8","2","23021079.43"
"2018-05-15 01:05:00","2.001181","1.99","2.1","1.9","1.93","30632541.36"
"2018-05-16 01:05:00","1.859506","1.89","1.99","1.79","1.99","24628268.73"
"2018-05-17 01:05:00","1.815123","1.7","1.96","1.66","1.89","24949066.97"
"2018-05-18 01:05:00","1.718663","1.76","1.78","1.64","1.7","14527038.01"
"2018-05-19 01:05:00","1.761253","1.75","1.83","1.7","1.76","9771929.93"
"2018-05-20 01:05:00","1.798554","1.83","1.85","1.73","1.75","7777610.81"
"2018-05-21 01:05:00","1.769542","1.73","1.85","1.7","1.83","8637162.02"
"2018-05-22 01:05:00","1.691306","1.62","1.75","1.61","1.73","12050518.73"
"2018-05-23 01:05:00","1.490426","1.46","1.65","1.39","1.62","32772572.06"
"2018-05-24 01:05:00","1.47471","1.54","1.55","1.38","1.46","19332333.04"
"2018-05-25 01:05:00","1.51196","1.49","1.59","1.44","1.54","12820316.88"
"2018-05-26 01:05:00","1.506262","1.47","1.55","1.46","1.49","7003727.49"
"2018-05-27 01:05:00","1.443638","1.46","1.48","1.41","1.47","8631198.7"
"2018-05-28 01:05:00","1.40044","1.35","1.48","1.34","1.46","10973170.49"
"2018-05-29 01:05:00","1.53365","1.59","1.66","1.33","1.35","35133806.51"
"2018-05-30 01:05:00","1.583547","1.57","1.65","1.51","1.59","23193042.94"
"2018-05-31 01:05:00","1.723681","1.76","1.83","1.55","1.57","38992966.71"
"2018-06-01 01:06:00","1.834303","1.92","1.95","1.71","1.76","39394891.32"
"2018-06-02 01:06:00","1.905758","1.89","1.96","1.85","1.92","25131298.97"
"2018-06-03 01:06:00","1.875594","1.81","2.03","1.74","1.89","46306863.28"
"2018-06-04 01:06:00","1.744444","1.72","1.85","1.69","1.81","26060114.09"
"2018-06-05 01:06:00","1.720751","1.75","1.78","1.66","1.72","16563743.2"
"2018-06-06 01:06:00","1.699363","1.7","1.77","1.62","1.75","13539074.11"
"2018-06-07 01:06:00","1.721647","1.7","1.77","1.67","1.7","11052455.4"
"2018-06-08 01:06:00","1.697087","1.71","1.74","1.67","1.7","7180849.02"
"2018-06-09 01:06:00","1.690417","1.65","1.76","1.63","1.71","10448879.65"
"2018-06-10 01:06:00","1.46309","1.37","1.65","1.3","1.65","44522766.21"
"2018-06-11 01:06:00","1.375705","1.45","1.47","1.31","1.37","17322554"
"2018-06-12 01:06:00","1.319985","1.25","1.45","1.21","1.45","23961648.17"
"2018-06-13 01:06:00","1.201226","1.2","1.29","1.12","1.25","30446401.52"
"2018-06-14 01:06:00","1.255608","1.27","1.33","1.17","1.2","28375527.5"
"2018-06-15 01:06:00","1.230431","1.18","1.3","1.15","1.27","17344730.17"
"2018-06-16 01:06:00","1.191624","1.2","1.23","1.15","1.18","9554082.57"
"2018-06-17 01:06:00","1.177337","1.17","1.21","1.16","1.2","8692128.35"
"2018-06-18 01:06:00","1.145087","1.18","1.21","1.08","1.17","21880400.27"
"2018-06-19 01:06:00","1.197871","1.18","1.25","1.16","1.18","16883558.18"
"2018-06-20 01:06:00","1.149252","1.16","1.19","1.11","1.18","12771627.79"
"2018-06-21 01:06:00","1.157883","1.16","1.19","1.14","1.16","5351225.94"
"2018-06-22 01:06:00","1.021167","0.9771","1.18","0.9311","1.16","30885179.82"
"2018-06-23 01:06:00","1.014983","1.04","1.07","0.956","0.9771","14631571.47"
"2018-06-24 01:06:00","0.959012","0.977","1.04","0.8851","1.04","23484322.12"
"2018-06-25 01:06:00","1.011564","1.02","1.06","0.9577","0.977","14259669.54"
"2018-06-26 01:06:00","0.982402","0.9392","1.03","0.9301","1.02","11234604.44"
"2018-06-27 01:06:00","0.963758","0.9874","1.02","0.918","0.9392","9966863.91"
"2018-06-28 01:06:00","0.949295","0.9178","1","0.9013","0.9874","8205073.08"
"2018-06-29 01:06:00","0.92507","0.9627","0.981","0.8877","0.9178","12519372.1"
"2018-06-30 01:06:00","1.003257","1.01","1.04","0.9625","0.9627","11006679.57"
"2018-07-01 01:07:00","1.039277","1.07","1.09","0.9903","1.01","12990551.93"
"2018-07-02 01:07:00","1.120049","1.17","1.19","1.03","1.07","18527303.05"
"2018-07-03 01:07:00","1.17515","1.15","1.24","1.13","1.17","21878357.23"
"2018-07-04 01:07:00","1.195893","1.22","1.26","1.1","1.15","16866150.18"
"2018-07-05 01:07:00","1.165788","1.15","1.22","1.11","1.22","18080644.74"
"2018-07-06 01:07:00","1.071691","1.05","1.16","1.02","1.15","20051983.39"
"2018-07-07 01:07:00","1.065964","1.1","1.1","1.03","1.05","9580910.66"
"2018-07-08 01:07:00","1.110364","1.08","1.15","1.06","1.1","10091227.78"
"2018-07-09 01:07:00","1.067677","1.04","1.1","1.03","1.08","8371091.59"
"2018-07-10 01:07:00","0.987955","0.9568","1.04","0.9433","1.04","13535725.1"
"2018-07-11 01:07:00","0.974597","1","1.01","0.9346","0.9568","7249822.97"
"2018-07-12 01:07:00","0.953442","0.9661","1","0.93","1","8334970.05"
"2018-07-13 01:07:00","0.97641","0.9623","1","0.955","0.9661","6628219.22"
"2018-07-14 01:07:00","0.972352","0.971","0.9953","0.9573","0.9623","3050103.2"
"2018-07-15 01:07:00","0.996193","1","1.02","0.9677","0.971","5332159.44"
"2018-07-16 01:07:00","1.065367","1.09","1.11","0.986","1","15382415.82"
"2018-07-17 01:07:00","1.116767","1.14","1.17","1.05","1.09","17485643.84"
"2018-07-18 01:07:00","1.126604","1.09","1.18","1.07","1.14","16373979.49"
"2018-07-19 01:07:00","1.059098","1.04","1.09","1.03","1.09","10381113.25"
"2018-07-20 01:07:00","0.995446","0.9608","1.04","0.9412","1.04","14055270.99"
"2018-07-21 01:07:00","0.991511","0.999","1.02","0.942","0.9608","6648376.99"
"2018-07-22 01:07:00","0.989542","0.9791","1.01","0.962","0.999","5462544.18"
"2018-07-23 01:07:00","0.966598","0.9317","1.01","0.92","0.9791","9537019.44"
"2018-07-24 01:07:00","0.962342","0.9801","1","0.9066","0.9317","11898797.3"
"2018-07-25 01:07:00","0.990747","0.9861","1.02","0.961","0.9801","8618089.96"
"2018-07-26 01:07:00","1.031109","1.02","1.06","0.9855","0.9861","12442976.76"
"2018-07-27 01:07:00","1.002469","1.01","1.04","0.973","1.02","10368305.42"
"2018-07-28 01:07:00","1.016252","1.03","1.03","0.9975","1.01","4564192.64"
"2018-07-29 01:07:00","1.020366","1.01","1.04","1","1.03","2826387.24"
"2018-07-30 01:07:00","0.980166","0.9751","1.02","0.9508","1.01","5709301.82"
"2018-07-31 01:07:00","0.951149","0.9479","0.9867","0.9306","0.9751","6150287.58"
"2018-08-01 01:08:00","0.923607","0.9266","0.9503","0.901","0.9479","5458769.02"
"2018-08-02 01:08:00","0.897019","0.885","0.9373","0.8735","0.9266","6119607.06"
"2018-08-03 01:08:00","0.881812","0.96","0.9676","0.7735","0.885","33280456.93"
"2018-08-04 01:08:00","0.891085","0.849","0.9789","0.8334","0.96","16076022.28"
"2018-08-05 01:08:00","0.935942","0.9108","1.03","0.8456","0.849","21356157.2"
"2018-08-06 01:08:00","0.823584","0.7809","0.929","0.7501","0.9108","25633216.1"
"2018-08-07 01:08:00","0.742522","0.7198","0.803","0.6771","0.7809","43253511.75"
"2018-08-08 01:08:00","0.647135","0.615","0.7212","0.5947","0.7198","26098913.8"
"2018-08-09 01:08:00","0.64037","0.6383","0.6738","0.5959","0.615","13782460.75"
"2018-08-10 01:08:00","0.586127","0.5723","0.6468","0.5431","0.6383","16681963.07"
"2018-08-11 01:08:00","0.531549","0.5191","0.5743","0.5011","0.5723","12426806.09"
"2018-08-12 01:08:00","0.537827","0.5403","0.5523","0.5145","0.5191","6252844.94"
"2018-08-13 01:08:00","0.497445","0.4562","0.55","0.4531","0.5403","10133376.44"
"2018-08-14 01:08:00","0.423659","0.4482","0.4609","0.4037","0.4562","14221948.44"
"2018-08-15 01:08:00","0.470691","0.443","0.4942","0.4363","0.4482","13680950.11"
"2018-08-16 01:08:00","0.458125","0.4649","0.479","0.4316","0.443","8660438.59"
"2018-08-17 01:08:00","0.508655","0.5637","0.5747","0.4628","0.4649","15817131.42"
"2018-08-18 01:08:00","0.512231","0.4971","0.575","0.465","0.5637","11848705.67"
"2018-08-19 01:08:00","0.536372","0.5377","0.569","0.481","0.4971","13290424.54"
"2018-08-20 01:08:00","0.519807","0.4945","0.5456","0.4862","0.5377","9955757.41"
"2018-08-21 01:08:00","0.513269","0.519","0.5394","0.4945","0.4945","7075083.31"
"2018-08-22 01:08:00","0.508776","0.4775","0.565","0.457","0.519","13619682.75"
"2018-08-23 01:08:00","0.495188","0.5071","0.5148","0.4753","0.4775","6979221.81"
"2018-08-24 01:08:00","0.511931","0.5237","0.529","0.4924","0.5071","4611981.55"
"2018-08-25 01:08:00","0.534657","0.5384","0.5472","0.5193","0.5237","5307616.98"
"2018-08-26 01:08:00","0.539428","0.5638","0.58","0.5171","0.5384","6150703.24"
"2018-08-27 01:08:00","0.615236","0.6727","0.6969","0.5582","0.5638","24898695.34"
"2018-08-28 01:08:00","0.725815","0.769","0.799","0.654","0.6727","46872811.36"
"2018-08-29 01:08:00","0.755091","0.7276","0.8152","0.7083","0.769","31756828.99"
"2018-08-30 01:08:00","0.693572","0.7175","0.7298","0.656","0.7276","24194878.93"
"2018-08-31 01:08:00","0.716346","0.7099","0.7382","0.6933","0.7175","12266766.88"
"2018-09-01 01:09:00","0.739718","0.7407","0.7603","0.7062","0.7099","12278911.49"
"2018-09-02 01:09:00","0.718974","0.7185","0.7439","0.6993","0.7407","9527588.37"
"2018-09-03 01:09:00","0.702131","0.6993","0.7311","0.676","0.7185","8637815.64"
"2018-09-04 01:09:00","0.718149","0.7012","0.7448","0.6882","0.6993","9743809.16"
"2018-09-05 01:09:00","0.636375","0.5794","0.7168","0.565","0.7012","20469573.06"
"2018-09-06 01:09:00","0.562288","0.6011","0.6069","0.53","0.5794","15627261.43"
"2018-09-07 01:09:00","0.581112","0.563","0.617","0.5512","0.6011","9544911.22"
"2018-09-08 01:09:00","0.553914","0.53","0.591","0.516","0.563","7807654.12"
"2018-09-09 01:09:00","0.55426","0.5564","0.585","0.5117","0.53","8618360.42"
"2018-09-10 01:09:00","0.572112","0.5746","0.5999","0.553","0.5564","7242666.15"
"2018-09-11 01:09:00","0.554169","0.5453","0.583","0.523","0.5746","8384837.11"
"2018-09-12 01:09:00","0.526612","0.5486","0.5572","0.5","0.5453","9830516.99"
"2018-09-13 01:09:00","0.575726","0.5754","0.6067","0.5484","0.5486","10728705.28"
"2018-09-14 01:09:00","0.583905","0.571","0.6175","0.5516","0.5754","9829846.58"
"2018-09-15 01:09:00","0.575735","0.5691","0.5919","0.5565","0.571","4618306.06"
"2018-09-16 01:09:00","0.570989","0.5785","0.5849","0.5537","0.5691","4064577.14"
"2018-09-17 01:09:00","0.549159","0.5331","0.589","0.5258","0.5785","7937847.02"
"2018-09-18 01:09:00","0.526651","0.5334","0.548","0.4964","0.5331","13602543.42"
"2018-09-19 01:09:00","0.525546","0.5304","0.5439","0.5046","0.5334","7805887.96"
"2018-09-20 01:09:00","0.545874","0.5658","0.5823","0.5235","0.5304","6015098.97"
"2018-09-21 01:09:00","0.591662","0.6287","0.6346","0.5566","0.5658","13881076.89"
"2018-09-22 01:09:00","0.608508","0.6081","0.6498","0.5733","0.6287","9967889.95"
"2018-09-23 01:09:00","0.614468","0.6104","0.634","0.5961","0.6081","5252892.83"
"2018-09-24 01:09:00","0.556677","0.5597","0.6145","0.5312","0.6104","18595596.29"
"2018-09-25 01:09:00","0.547318","0.5699","0.5744","0.5255","0.5608","9889643.91"
"2018-09-26 01:09:00","0.562119","0.5466","0.5781","0.5451","0.5699","4596919.13"
"2018-09-27 01:09:00","0.569831","0.5853","0.5999","0.5325","0.5466","8797991.79"
"2018-09-28 01:09:00","0.573468","0.5733","0.597","0.5568","0.5853","6192237.09"
"2018-09-29 01:09:00","0.563861","0.5631","0.5747","0.551","0.5733","2768815.26"
"2018-09-30 01:09:00","0.567265","0.568","0.5774","0.5566","0.5631","3554790.24"
"2018-10-01 01:10:00","0.562694","0.5614","0.5847","0.5409","0.568","5349400.61"
"2018-10-02 01:10:00","0.562154","0.5603","0.5712","0.55","0.5614","2903340.15"
"2018-10-03 01:10:00","0.550813","0.554","0.5606","0.542","0.5603","3113696.08"
"2018-10-04 01:10:00","0.563861","0.5572","0.5781","0.5518","0.554","3800856.88"
"2018-10-05 01:10:00","0.570992","0.5765","0.59","0.5528","0.5572","3136076.86"
"2018-10-06 01:10:00","0.570874","0.566","0.5813","0.56","0.5765","1947480.47"
"2018-10-07 01:10:00","0.566826","0.5757","0.5788","0.558","0.566","1628281.9"
"2018-10-08 01:10:00","0.594557","0.6035","0.61","0.5725","0.5757","5817927.29"
"2018-10-09 01:10:00","0.594356","0.5929","0.6088","0.585","0.6035","4171108.2"
"2018-10-10 01:10:00","0.58203","0.5883","0.5968","0.57","0.5929","3910421.78"
"2018-10-11 01:10:00","0.514565","0.4812","0.5883","0.4707","0.5883","16912519.63"
"2018-10-12 01:10:00","0.496427","0.4905","0.512","0.4746","0.4812","3243486.01"
"2018-10-13 01:10:00","0.499064","0.4951","0.51","0.4892","0.4905","1737885.07"
"2018-10-14 01:10:00","0.498642","0.49","0.5099","0.4859","0.4951","1876576.48"
"2018-10-15 01:10:00","0.52465","0.5134","0.56","0.4817","0.49","11311022.93"
"2018-10-16 01:10:00","0.512333","0.5144","0.5197","0.5051","0.5134","1565457.55"
"2018-10-17 01:10:00","0.521289","0.5239","0.5319","0.5094","0.5144","2291925.23"
"2018-10-18 01:10:00","0.514919","0.5021","0.5367","0.4975","0.5239","3516075.79"
"2018-10-19 01:10:00","0.499121","0.4947","0.5065","0.4904","0.5021","1829349.25"
"2018-10-20 01:10:00","0.506748","0.5046","0.5137","0.4947","0.4947","2012361.22"
"2018-10-21 01:10:00","0.505767","0.5005","0.514","0.5005","0.5046","1275506.48"
"2018-10-22 01:10:00","0.498304","0.4976","0.5081","0.4915","0.5005","1395291.14"
"2018-10-23 01:10:00","0.498631","0.4998","0.507","0.4914","0.4976","1749070.99"
"2018-10-24 01:10:00","0.499946","0.497","0.5063","0.4958","0.4998","1112501.27"
"2018-10-25 01:10:00","0.49895","0.499","0.5048","0.4922","0.497","1755042.55"
"2018-10-26 01:10:00","0.496879","0.4952","0.5033","0.4927","0.499","1611161.31"
"2018-10-27 01:10:00","0.486198","0.4807","0.4966","0.4755","0.4952","1598540.42"
"2018-10-28 01:10:00","0.479752","0.482","0.4831","0.4751","0.4807","1180700.05"
"2018-10-28 24:10:00","0.461932","0.4496","0.4831","0.445","0.482","3246964.67"
"2018-10-29 24:10:00","0.456081","0.4525","0.4625","0.4492","0.4496","1345293.73"
"2018-10-30 24:10:00","0.456428","0.4685","0.4738","0.4381","0.4525","2659692.53"
"2018-10-31 24:10:00","0.472135","0.4763","0.4815","0.4625","0.4685","1892416.87"
"2018-11-01 24:11:00","0.485193","0.4871","0.4934","0.4715","0.4763","3241037.18"
"2018-11-02 24:11:00","0.479189","0.4807","0.4877","0.4734","0.4871","1143239.83"
"2018-11-03 24:11:00","0.494471","0.5022","0.5158","0.47","0.4807","4624525.5"
"2018-11-04 24:11:00","0.499889","0.5075","0.5107","0.4939","0.5022","1572284.12"
"2018-11-05 24:11:00","0.509552","0.5187","0.5223","0.4991","0.5075","3286336.17"
"2018-11-06 24:11:00","0.509228","0.5065","0.5258","0.4954","0.5187","3875822.7"
"2018-11-07 24:11:00","0.493533","0.4852","0.5112","0.477","0.5065","4690702.32"
"2018-11-08 24:11:00","0.482773","0.479","0.504","0.4725","0.4852","3174167.81"
"2018-11-09 24:11:00","0.489967","0.4852","0.5","0.4745","0.479","2045994.41"
"2018-11-10 24:11:00","0.482879","0.4858","0.4883","0.4781","0.4852","900918.49"
"2018-11-11 24:11:00","0.497652","0.4994","0.5087","0.4847","0.4858","2758279.53"
"2018-11-12 24:11:00","0.501736","0.5","0.51","0.4937","0.4994","2937192.53"
"2018-11-13 24:11:00","0.429725","0.4404","0.5095","0.3502","0.5","15027525.74"
"2018-11-14 24:11:00","0.4118","0.4274","0.446","0.3899","0.4404","8229138"
"2018-11-15 24:11:00","0.417969","0.415","0.4299","0.4072","0.4274","2061512.62"
"2018-11-16 24:11:00","0.412566","0.412","0.425","0.4","0.415","1616174.1"
"2018-11-17 24:11:00","0.415995","0.4121","0.4232","0.41","0.412","1471949.53"
"2018-11-18 24:11:00","0.368315","0.3552","0.4121","0.342","0.4121","7547807.39"
"2018-11-19 24:11:00","0.314113","0.3046","0.3682","0.28","0.3552","12276243.32"
"2018-11-20 24:11:00","0.319755","0.3323","0.3374","0.297","0.3046","4629332.78"
"2018-11-21 24:11:00","0.322494","0.304","0.34","0.3014","0.3323","3169417.2"
"2018-11-22 24:11:00","0.310135","0.3207","0.3249","0.2901","0.304","4218892.88"
"2018-11-23 24:11:00","0.295217","0.282","0.3326","0.262","0.3207","5008564.56"
"2018-11-24 24:11:00","0.277094","0.2901","0.2976","0.2511","0.282","7354417.28"
"2018-11-25 24:11:00","0.275875","0.2756","0.3005","0.257","0.2901","5690072.91"
"2018-11-26 24:11:00","0.267907","0.2732","0.2798","0.258","0.2756","2967649.55"
"2018-11-27 24:11:00","0.29781","0.3019","0.315","0.2727","0.2732","5395154.42"
"2018-11-28 24:11:00","0.304","0.3086","0.3162","0.29","0.3019","3920752.47"
"2018-11-29 24:11:00","0.291927","0.2878","0.3103","0.2771","0.3086","3540632.17"
"2018-11-30 24:11:00","0.29577","0.3","0.3049","0.2814","0.2878","1993308.01"
"2018-12-01 24:12:00","0.299154","0.2938","0.3164","0.2888","0.3","2411069.88"
"2018-12-02 24:12:00","0.279642","0.272","0.2972","0.265","0.2938","3017028.78"
"2018-12-03 24:12:00","0.277474","0.2779","0.2907","0.261","0.272","2215199.2"
"2018-12-04 24:12:00","0.263657","0.2565","0.2793","0.2522","0.2779","2202662.82"
"2018-12-05 24:12:00","0.248732","0.2305","0.2663","0.225","0.2565","3351803.43"
"2018-12-06 24:12:00","0.223899","0.2353","0.2556","0.2051","0.2305","5196399.21"
"2018-12-07 24:12:00","0.227538","0.2277","0.2438","0.2159","0.2353","2191070.91"
"2018-12-08 24:12:00","0.23817","0.2385","0.2507","0.2249","0.2277","2145369.11"
"2018-12-09 24:12:00","0.234099","0.2338","0.2426","0.2278","0.2385","1306932.45"
"2018-12-10 24:12:00","0.22625","0.2248","0.2351","0.22","0.2338","1293070.32"
"2018-12-11 24:12:00","0.232557","0.2345","0.239","0.224","0.2248","1136909.72"
"2018-12-12 24:12:00","0.224465","0.2212","0.2349","0.214","0.2345","1551595.59"
"2018-12-13 24:12:00","0.216376","0.2147","0.224","0.2091","0.2212","1514222.22"
"2018-12-14 24:12:00","0.216267","0.223","0.2259","0.2075","0.2147","2017800.02"
"2018-12-15 24:12:00","0.22993","0.2252","0.2376","0.2211","0.223","1528419.58"
"2018-12-16 24:12:00","0.249298","0.26","0.2678","0.2246","0.2252","3793403.69"
"2018-12-17 24:12:00","0.271908","0.2954","0.2969","0.2524","0.26","4079767.79"
"2018-12-18 24:12:00","0.300334","0.2843","0.3163","0.2839","0.2954","6780664.43"
"2018-12-19 24:12:00","0.326915","0.3535","0.3628","0.2827","0.2843","9449544.01"
"2018-12-20 24:12:00","0.3434","0.3305","0.3618","0.323","0.3535","7153555.26"
"2018-12-21 24:12:00","0.343084","0.3518","0.3549","0.33","0.3305","3411374.17"
"2018-12-22 24:12:00","0.374653","0.369","0.3938","0.3481","0.3518","7245544.28"
"2018-12-23 24:12:00","0.379228","0.3617","0.3992","0.355","0.369","6123535.75"
"2018-12-24 24:12:00","0.335486","0.3384","0.3629","0.3201","0.3617","5141880.24"
"2018-12-25 24:12:00","0.336429","0.3376","0.3546","0.3232","0.3384","3193898.64"
"2018-12-26 24:12:00","0.330506","0.3216","0.3473","0.3168","0.3376","2899143.62"
"2018-12-27 24:12:00","0.349516","0.3726","0.3759","0.318","0.3216","5330353.85"
"2018-12-28 24:12:00","0.367117","0.3595","0.382","0.3535","0.3726","3194687.06"
"2018-12-29 24:12:00","0.362106","0.3669","0.3695","0.3511","0.3595","2024424.83"
"2018-12-30 24:12:00","0.365476","0.3606","0.3779","0.3513","0.3669","2636029.99"
"2018-12-31 24:12:00","0.36445","0.3753","0.3768","0.3555","0.3606","1765680.88"
"2019-01-01 24:01:00","0.389444","0.4013","0.4081","0.3709","0.3753","4138850.16"
"2019-01-02 24:01:00","0.392379","0.3866","0.4054","0.3831","0.4013","2325734.84"
"2019-01-03 24:01:00","0.381922","0.3829","0.3976","0.3699","0.3866","2758729.85"
"2019-01-04 24:01:00","0.383551","0.3739","0.3919","0.3738","0.3829","1607517.75"
"2019-01-05 24:01:00","0.377891","0.388","0.3951","0.3601","0.3739","3499971.95"
"2019-01-06 24:01:00","0.380454","0.376","0.3912","0.3703","0.388","1276357.04"
"2019-01-07 24:01:00","0.371432","0.3682","0.3839","0.3626","0.376","1988609.44"
"2019-01-08 24:01:00","0.373923","0.3735","0.3807","0.3672","0.3682","1168594.6"
"2019-01-09 24:01:00","0.325492","0.3138","0.3791","0.294","0.3735","5826782.13"
"2019-01-10 24:01:00","0.31722","0.3158","0.3244","0.3098","0.3138","1628468.09"
"2019-01-11 24:01:00","0.310684","0.3139","0.3185","0.3024","0.3158","1202668.16"
"2019-01-12 24:01:00","0.294596","0.2878","0.3157","0.285","0.3139","1898615.02"
"2019-01-13 24:01:00","0.294934","0.3095","0.3151","0.272","0.2878","2992775.71"
"2019-01-14 24:01:00","0.299342","0.3004","0.3138","0.2849","0.3095","2443706.23"
"2019-01-15 24:01:00","0.301553","0.2991","0.3129","0.2926","0.3004","2285454.47"
"2019-01-16 24:01:00","0.309855","0.3132","0.3277","0.2913","0.2991","2463556.25"
"2019-01-17 24:01:00","0.310547","0.3085","0.3176","0.3061","0.3132","1446450.29"
"2019-01-18 24:01:00","0.321083","0.3167","0.3325","0.3067","0.3085","2127377.97"
"2019-01-19 24:01:00","0.30281","0.2972","0.3205","0.2912","0.3167","2066145.65"
"2019-01-20 24:01:00","0.305115","0.3034","0.3194","0.2972","0.2972","1339926.65"
"2019-01-21 24:01:00","0.303337","0.3083","0.3143","0.2884","0.3034","2109177.74"
"2019-01-22 24:01:00","0.301041","0.2981","0.3101","0.2917","0.3083","1351760.99"
"2019-01-23 24:01:00","0.295436","0.2962","0.3019","0.2909","0.2981","1308104.04"
"2019-01-24 24:01:00","0.290391","0.2881","0.2971","0.2855","0.2962","1293698.76"
"2019-01-25 24:01:00","0.28846","0.2839","0.294","0.283","0.2881","1222223.74"
"2019-01-26 24:01:00","0.275742","0.2725","0.2865","0.2667","0.2839","2145820.66"
"2019-01-27 24:01:00","0.257528","0.2581","0.2737","0.2474","0.2725","3284795.92"
"2019-01-28 24:01:00","0.257146","0.2555","0.2628","0.2499","0.2581","1568755.91"
"2019-01-29 24:01:00","0.262178","0.2659","0.2692","0.2543","0.2555","1484773.75"
"2019-01-30 24:01:00","0.267162","0.26","0.278","0.2545","0.2659","1863780.1"
"2019-01-31 24:01:00","0.257205","0.2607","0.2622","0.2464","0.26","1740241.67"
"2019-02-01 24:02:00","0.257896","0.2666","0.2689","0.2508","0.2607","1495567.77"
"2019-02-02 24:02:00","0.258316","0.2547","0.2682","0.2514","0.2666","1045619.47"
"2019-02-03 24:02:00","0.257061","0.2572","0.2619","0.252","0.2547","1174089.92"
"2019-02-04 24:02:00","0.256717","0.2562","0.2598","0.2544","0.2572","664103.94"
"2019-02-05 24:02:00","0.245357","0.2449","0.2582","0.2409","0.2562","1923537.57"
"2019-02-06 24:02:00","0.254473","0.257","0.2614","0.2448","0.2449","1852746.34"
"2019-02-07 24:02:00","0.270781","0.2828","0.2898","0.2535","0.257","3871874.47"
"2019-02-08 24:02:00","0.28073","0.2809","0.2869","0.2749","0.2828","1361263.89"
"2019-02-09 24:02:00","0.283109","0.287","0.2939","0.276","0.2809","2020305.29"
"2019-02-10 24:02:00","0.275805","0.2706","0.2871","0.2704","0.287","1709408.06"
"2019-02-11 24:02:00","0.272766","0.2771","0.2811","0.2662","0.2706","1369684.1"
"2019-02-12 24:02:00","0.274372","0.274","0.2811","0.2694","0.2771","918763.97"
"2019-02-13 24:02:00","0.270398","0.2694","0.2746","0.2662","0.274","1061244.73"
"2019-02-14 24:02:00","0.275295","0.2755","0.2826","0.2678","0.2694","1399724.22"
"2019-02-15 24:02:00","0.277006","0.2771","0.281","0.2712","0.2755","812222.89"
"2019-02-16 24:02:00","0.281226","0.2814","0.2911","0.2746","0.2771","1786509.85"
"2019-02-17 24:02:00","0.299837","0.3099","0.3138","0.2777","0.2814","4164550.37"
"2019-02-18 24:02:00","0.313493","0.31","0.3232","0.2959","0.3099","4201851.63"
"2019-02-19 24:02:00","0.311202","0.3175","0.3189","0.3022","0.31","1498533.85"
"2019-02-20 24:02:00","0.307032","0.3023","0.3176","0.2985","0.3175","1624468.55"
"2019-02-21 24:02:00","0.305173","0.3031","0.3102","0.2994","0.3023","1542054.13"
"2019-02-22 24:02:00","0.314934","0.3239","0.326","0.2988","0.3031","2753665.81"
"2019-02-23 24:02:00","0.304289","0.2852","0.3317","0.2605","0.3239","4359290.55"
"2019-02-24 24:02:00","0.287885","0.291","0.2962","0.2799","0.2852","1688630.41"
"2019-02-25 24:02:00","0.288002","0.2872","0.2929","0.2854","0.291","1130180.64"
"2019-02-26 24:02:00","0.287902","0.2889","0.2926","0.28","0.2872","1296969.2"
"2019-02-27 24:02:00","0.289738","0.2886","0.2928","0.2861","0.2889","1008218.71"
"2019-02-28 24:02:00","0.301544","0.3","0.31","0.2885","0.2886","1760480.24"
"2019-03-01 24:03:00","0.294934","0.2975","0.3014","0.2889","0.3","971689.77"
"2019-03-02 24:03:00","0.289846","0.288","0.2999","0.2713","0.2975","1362567.04"
"2019-03-03 24:03:00","0.277635","0.2777","0.2896","0.2689","0.288","1564526.58"
"2019-03-04 24:03:00","0.283272","0.2859","0.2909","0.2749","0.2777","1705231.33"
"2019-03-05 24:03:00","0.281471","0.2865","0.2879","0.2729","0.2859","1272250.71"
"2019-03-06 24:03:00","0.280591","0.2845","0.2898","0.277","0.2865","1155932.92"
"2019-03-07 24:03:00","0.280991","0.28","0.2879","0.2663","0.2845","1962614.5"
"2019-03-08 24:03:00","0.288296","0.2861","0.2953","0.2779","0.28","2369022.44"
"2019-03-09 24:03:00","0.284795","0.2856","0.2877","0.2825","0.2861","719948.46"
"2019-03-10 24:03:00","0.282261","0.2829","0.2903","0.2754","0.2856","1570503.37"
"2019-03-11 24:03:00","0.28439","0.2875","0.2889","0.2767","0.2829","1246523.51"
"2019-03-12 24:03:00","0.292455","0.2914","0.2975","0.2855","0.2875","1472960.3"
"2019-03-13 24:03:00","0.297526","0.3019","0.3067","0.2849","0.2914","1896714.09"
"2019-03-14 24:03:00","0.303134","0.3036","0.3058","0.2998","0.3019","1128867.06"
"2019-03-15 24:03:00","0.309549","0.3092","0.3158","0.3016","0.3036","1408331.73"
"2019-03-16 24:03:00","0.302064","0.3","0.3095","0.2982","0.3092","1285231.45"
"2019-03-17 24:03:00","0.296884","0.298","0.3044","0.293","0.3","1147100.79"
"2019-03-18 24:03:00","0.298274","0.2993","0.3011","0.294","0.298","966195.82"
"2019-03-19 24:03:00","0.301818","0.3035","0.3066","0.294","0.2993","1540877.06"
"2019-03-20 24:03:00","0.303524","0.3178","0.3181","0.287","0.3035","3528958.53"
"2019-03-21 24:03:00","0.31545","0.3131","0.3251","0.3096","0.3178","2738982.87"
"2019-03-22 24:03:00","0.316222","0.3146","0.3235","0.3117","0.3131","1908370.9"
"2019-03-23 24:03:00","0.310837","0.3098","0.3146","0.3074","0.3146","1486519.26"
"2019-03-24 24:03:00","0.302007","0.2995","0.3098","0.2948","0.3098","1782187.87"
"2019-03-25 24:03:00","0.295095","0.2972","0.2999","0.2901","0.2995","1251385.78"
"2019-03-26 24:03:00","0.304394","0.3092","0.3099","0.2953","0.2972","1676064.62"
"2019-03-27 24:03:00","0.307666","0.3071","0.3117","0.3026","0.3092","1647896.45"
"2019-03-28 24:03:00","0.310029","0.3123","0.3134","0.3021","0.3071","1330662.94"
"2019-03-29 24:03:00","0.309869","0.3111","0.3163","0.3046","0.3123","1297037.14"
"2019-03-30 24:03:00","0.309379","0.3104","0.3121","0.3053","0.3111","997072.11"
"2019-04-01 01:04:00","0.322732","0.3242","0.3307","0.3081","0.3104","3420759.65"
"2019-04-02 01:04:00","0.344991","0.3555","0.3581","0.3242","0.3242","5612717.79"
"2019-04-03 01:04:00","0.360151","0.3388","0.3846","0.3271","0.3555","9877039.46"
"2019-04-04 01:04:00","0.341126","0.334","0.3545","0.3277","0.3388","4283435.13"
"2019-04-05 01:04:00","0.349069","0.3562","0.3562","0.3323","0.334","2522309.13"
"2019-04-06 01:04:00","0.351509","0.3476","0.3589","0.3407","0.3562","1593015.9"
"2019-04-07 01:04:00","0.360936","0.3617","0.3692","0.3461","0.3476","3023606.89"
"2019-04-08 01:04:00","0.353865","0.3572","0.3638","0.3414","0.3617","2613313.98"
"2019-04-09 01:04:00","0.347894","0.3477","0.3574","0.3414","0.3572","1626960.34"
"2019-04-10 01:04:00","0.350416","0.3461","0.3651","0.3311","0.3477","3194405.01"
"2019-04-11 01:04:00","0.323136","0.3226","0.3474","0.3106","0.3461","3624916.08"
"2019-04-12 01:04:00","0.31986","0.3219","0.3267","0.3108","0.3226","1326649.22"
"2019-04-13 01:04:00","0.320781","0.3196","0.3261","0.3161","0.3219","952138.84"
"2019-04-14 01:04:00","0.3086","0.3181","0.3211","0.2945","0.3196","2742404.02"
"2019-04-15 01:04:00","0.30992","0.3021","0.3184","0.2986","0.3181","2120000.81"
"2019-04-16 01:04:00","0.308414","0.3109","0.3143","0.3008","0.3021","1629803.92"
"2019-04-17 01:04:00","0.306256","0.3079","0.3123","0.2998","0.3109","2473373.53"
"2019-04-18 01:04:00","0.310882","0.3083","0.3168","0.3064","0.3079","2236873.92"
"2019-04-19 01:04:00","0.307176","0.3085","0.3105","0.3033","0.3083","1615227.31"
"2019-04-20 01:04:00","0.309865","0.3107","0.3139","0.3071","0.3085","1549066.02"
"2019-04-21 01:04:00","0.305173","0.304","0.314","0.2958","0.3107","2510156.34"
"2019-04-22 01:04:00","0.306176","0.3067","0.3106","0.2998","0.304","1507592.82"
"2019-04-23 01:04:00","0.301675","0.2944","0.3096","0.2912","0.3067","3084560.89"
"2019-04-24 01:04:00","0.282606","0.2822","0.2959","0.2737","0.2944","2780838.2"
"2019-04-25 01:04:00","0.271598","0.2623","0.2851","0.2558","0.2822","3043430.77"
"2019-04-26 01:04:00","0.258775","0.2733","0.2748","0.2366","0.2623","3805946.29"
"2019-04-27 01:04:00","0.265969","0.2665","0.2734","0.2616","0.2733","1452272.14"
"2019-04-28 01:04:00","0.26543","0.2751","0.2814","0.2545","0.2661","2184793.51"
"2019-04-29 01:04:00","0.311868","0.3178","0.3264","0.2751","0.2751","11104705.87"
"2019-04-30 01:04:00","0.305859","0.3136","0.3219","0.2981","0.3178","3888161.92"
"2019-05-01 01:05:00","0.304456","0.3051","0.3146","0.2969","0.3136","1922731.76"
"2019-05-02 01:05:00","0.299719","0.2976","0.3074","0.2913","0.3051","1729112.24"
"2019-05-03 01:05:00","0.298944","0.2982","0.3053","0.2924","0.2976","2730070.22"
"2019-05-04 01:05:00","0.29206","0.2893","0.3018","0.2812","0.2982","2143011.58"
"2019-05-05 01:05:00","0.287434","0.2867","0.2928","0.2809","0.2893","1588766.14"
"2019-05-06 01:05:00","0.284855","0.2914","0.2974","0.2705","0.2867","2651974.72"
"2019-05-07 01:05:00","0.28648","0.2752","0.2972","0.2744","0.2914","1854694.67"
"2019-05-08 01:05:00","0.283839","0.2871","0.2943","0.27","0.2752","1792243.64"
"2019-05-09 01:05:00","0.280105","0.2757","0.2884","0.2737","0.2871","1223921.78"
"2019-05-10 01:05:00","0.279728","0.28","0.286","0.2725","0.2757","1249135.5"
"2019-05-11 01:05:00","0.298025","0.3146","0.3198","0.2769","0.28","4265182.46"
"2019-05-12 01:05:00","0.305207","0.3024","0.3182","0.2946","0.3146","2550786.78"
"2019-05-13 01:05:00","0.327729","0.3369","0.3515","0.3","0.3024","5582681.01"
"2019-05-14 01:05:00","0.360447","0.3741","0.3783","0.3349","0.3369","7292133.78"
"2019-05-15 01:05:00","0.408908","0.4372","0.4396","0.3732","0.3741","10178177.39"
"2019-05-16 01:05:00","0.426103","0.4138","0.4644","0.4005","0.4372","10812954.87"
"2019-05-17 01:05:00","0.383756","0.3962","0.4254","0.3576","0.4138","6969553.93"
"2019-05-18 01:05:00","0.386117","0.3807","0.4018","0.3753","0.3962","2416835.92"
"2019-05-19 01:05:00","0.413733","0.4228","0.4286","0.3801","0.3807","5017606.79"
"2019-05-20 01:05:00","0.401621","0.4072","0.424","0.3864","0.4228","4368596.03"
"2019-05-21 01:05:00","0.411895","0.4132","0.4263","0.3995","0.4072","3570455.47"
"2019-05-22 01:05:00","0.404649","0.3843","0.4245","0.3821","0.4132","4084157.11"
"2019-05-23 01:05:00","0.375921","0.3873","0.3915","0.3618","0.3843","4256345.37"
"2019-05-24 01:05:00","0.391775","0.3827","0.4026","0.3782","0.3873","2708787.25"
"2019-05-25 01:05:00","0.383072","0.3823","0.3938","0.3762","0.3827","2437874.12"
"2019-05-26 01:05:00","0.394727","0.4087","0.4206","0.3725","0.3823","3520174.69"
"2019-05-27 01:05:00","0.420075","0.4386","0.4513","0.3995","0.4087","6379321.85"
"2019-05-28 01:05:00","0.458506","0.4831","0.5086","0.4165","0.4386","14344194.67"
"2019-05-29 01:05:00","0.514624","0.5156","0.5542","0.4605","0.4831","17434908.38"
"2019-05-30 01:05:00","0.508199","0.4756","0.5536","0.4628","0.5156","11921423.15"
"2019-05-31 01:05:00","0.487735","0.5079","0.51","0.4596","0.4756","5454671.31"
"2019-06-01 01:06:00","0.48673","0.4803","0.514","0.4632","0.5079","5576759.96"
"2019-06-02 01:06:00","0.489262","0.4904","0.5014","0.4758","0.4803","3497333.25"
"2019-06-03 01:06:00","0.467847","0.4419","0.4934","0.4367","0.4904","4840540.41"
"2019-06-04 01:06:00","0.430639","0.4262","0.4477","0.4129","0.4419","4658120.89"
"2019-06-05 01:06:00","0.427018","0.4293","0.4371","0.4173","0.4262","2733396.89"
"2019-06-06 01:06:00","0.418268","0.4226","0.4357","0.401","0.4293","3339849.41"
"2019-06-07 01:06:00","0.441314","0.4437","0.4581","0.4196","0.4226","3273830.48"
"2019-06-08 01:06:00","0.428762","0.43","0.4498","0.4121","0.4437","2584147.13"
"2019-06-09 01:06:00","0.409491","0.4066","0.4334","0.3949","0.43","2791801.8"
"2019-06-10 01:06:00","0.421872","0.4283","0.4335","0.3996","0.4066","3077201.99"
"2019-06-11 01:06:00","0.416948","0.4222","0.4307","0.4067","0.4283","2095346.72"
"2019-06-12 01:06:00","0.433293","0.4349","0.4416","0.4161","0.4222","2433721.92"
"2019-06-13 01:06:00","0.440849","0.4394","0.4508","0.4289","0.4349","2348842.53"
"2019-06-14 01:06:00","0.427259","0.4305","0.442","0.4147","0.4394","3246473.04"
"2019-06-15 01:06:00","0.435521","0.4365","0.4435","0.427","0.4305","2421350.4"
"2019-06-16 01:06:00","0.451894","0.4467","0.4678","0.4314","0.4365","4413697.16"
"2019-06-17 01:06:00","0.44266","0.4437","0.454","0.4267","0.4467","3005685.13"
"2019-06-18 01:06:00","0.434038","0.4311","0.4445","0.4273","0.4437","1964010.19"
"2019-06-19 01:06:00","0.43659","0.4367","0.4425","0.4283","0.4311","1985852.31"
"2019-06-20 01:06:00","0.422336","0.4177","0.4394","0.4081","0.4367","3551668.06"
"2019-06-21 01:06:00","0.427225","0.427","0.4376","0.4176","0.4177","2801021.1"
"2019-06-22 01:06:00","0.45279","0.4646","0.4761","0.4216","0.427","8936605.16"
"2019-06-23 01:06:00","0.464693","0.4507","0.4786","0.4394","0.4646","4251195.78"
"2019-06-24 01:06:00","0.451327","0.4585","0.4617","0.4347","0.4507","2811992.87"
"2019-06-25 01:06:00","0.448353","0.4473","0.4611","0.4377","0.4585","3086256.84"
"2019-06-26 01:06:00","0.460258","0.4397","0.486","0.4172","0.4473","8337522.85"
"2019-06-27 01:06:00","0.405692","0.3973","0.4476","0.3756","0.4397","6343644.18"
"2019-06-28 01:06:00","0.406232","0.4137","0.4227","0.3825","0.3973","3955940.66"
"2019-06-29 01:06:00","0.412171","0.4218","0.4266","0.397","0.4137","2921538.78"
"2019-06-30 01:06:00","0.405647","0.3903","0.4256","0.3892","0.4218","2706541.21"
"2019-07-01 01:07:00","0.396556","0.4057","0.4092","0.384","0.3903","2485725.24"
"2019-07-02 01:07:00","0.392876","0.3992","0.4072","0.3821","0.4057","2355277.23"
"2019-07-03 01:07:00","0.399059","0.4053","0.4079","0.3921","0.3992","2373666.3"
"2019-07-04 01:07:00","0.396475","0.3884","0.4062","0.3847","0.4053","2167107.49"
"2019-07-05 01:07:00","0.387093","0.3828","0.3938","0.3806","0.3884","1583602.88"
"2019-07-06 01:07:00","0.390441","0.39","0.3995","0.3818","0.3828","1676487.46"
"2019-07-07 01:07:00","0.391341","0.396","0.3974","0.3871","0.39","1376976.47"
"2019-07-08 01:07:00","0.402158","0.4045","0.4133","0.395","0.396","1927986.28"
"2019-07-09 01:07:00","0.397123","0.3952","0.4095","0.391","0.4045","2120749.18"
"2019-07-10 01:07:00","0.374966","0.367","0.3991","0.3534","0.3952","3749745.44"
"2019-07-11 01:07:00","0.345238","0.3448","0.367","0.3313","0.367","3095112.35"
"2019-07-12 01:07:00","0.351495","0.3541","0.3604","0.3364","0.3448","1606788.52"
"2019-07-13 01:07:00","0.34534","0.345","0.3542","0.3351","0.3541","1655913.75"
"2019-07-14 01:07:00","0.31802","0.306","0.3457","0.3009","0.345","2370919.04"
"2019-07-15 01:07:00","0.297205","0.3092","0.3101","0.2856","0.306","3097673.06"
"2019-07-16 01:07:00","0.275754","0.2672","0.3097","0.2545","0.3092","4114562.98"
"2019-07-17 01:07:00","0.27485","0.2844","0.2951","0.2614","0.2672","2602271.16"
"2019-07-18 01:07:00","0.291019","0.305","0.3103","0.2749","0.2844","2609542.74"
"2019-07-19 01:07:00","0.300936","0.3031","0.3091","0.2925","0.305","1684269.98"
"2019-07-20 01:07:00","0.323272","0.318","0.3349","0.2984","0.3031","3156801.2"
"2019-07-21 01:07:00","0.316389","0.315","0.3256","0.3081","0.318","1645502.04"
"2019-07-22 01:07:00","0.30462","0.3","0.3167","0.2951","0.315","1829997.66"
"2019-07-23 01:07:00","0.293973","0.2929","0.3036","0.2858","0.3","1811736.9"
"2019-07-24 01:07:00","0.298478","0.3109","0.3115","0.2855","0.2929","2070181.61"
"2019-07-25 01:07:00","0.306202","0.3041","0.3156","0.3008","0.3109","1540376.94"
"2019-07-26 01:07:00","0.300604","0.3009","0.3053","0.2956","0.3041","1164128.95"
"2019-07-27 01:07:00","0.292569","0.2871","0.307","0.2826","0.3009","1666990.44"
"2019-07-28 01:07:00","0.282329","0.2845","0.2919","0.2677","0.2871","949854.47"
"2019-07-29 01:07:00","0.283665","0.2833","0.289","0.2775","0.2845","886564.82"
"2019-07-30 01:07:00","0.281606","0.285","0.2875","0.277","0.2833","1049970.51"
"2019-07-31 01:07:00","0.291178","0.2908","0.2971","0.2842","0.285","1623929.57"
"2019-08-01 01:08:00","0.287253","0.2883","0.292","0.2823","0.2908","1282890.09"
"2019-08-02 01:08:00","0.289503","0.2877","0.2942","0.2849","0.2883","1391362.61"
"2019-08-03 01:08:00","0.288119","0.283","0.2919","0.2825","0.2877","1151202.07"
"2019-08-04 01:08:00","0.28247","0.2842","0.2875","0.2774","0.283","1251728.62"
"2019-08-05 01:08:00","0.291351","0.2911","0.2994","0.284","0.2842","1809872.06"
"2019-08-06 01:08:00","0.28455","0.2786","0.2969","0.2729","0.2911","1724492.85"
"2019-08-07 01:08:00","0.280093","0.2766","0.2867","0.2733","0.2786","1296494.64"
"2019-08-08 01:08:00","0.272764","0.2759","0.279","0.267","0.2766","1199411.01"
"2019-08-09 01:08:00","0.259736","0.2549","0.2762","0.2502","0.2759","1680332.54"
"2019-08-10 01:08:00","0.257428","0.2615","0.264","0.2508","0.2549","1183720.86"
"2019-08-11 01:08:00","0.26724","0.2702","0.286","0.2605","0.2615","1267429.53"
"2019-08-12 01:08:00","0.261532","0.2594","0.2702","0.2583","0.2702","902507.53"
"2019-08-13 01:08:00","0.256145","0.2576","0.2595","0.2519","0.2594","1232984.03"
"2019-08-14 01:08:00","0.24481","0.2329","0.2581","0.2284","0.2576","2139785.43"
"2019-08-15 01:08:00","0.233213","0.2429","0.2457","0.2205","0.2329","1386714.01"
"2019-08-16 01:08:00","0.238097","0.2418","0.2451","0.2309","0.2429","1304227.45"
"2019-08-17 01:08:00","0.242782","0.2424","0.248","0.2387","0.2418","1053277.89"
"2019-08-18 01:08:00","0.246707","0.2472","0.2531","0.2401","0.2424","1007217.59"
"2019-08-19 01:08:00","0.250782","0.2515","0.2558","0.2459","0.2472","885335.56"
"2019-08-20 01:08:00","0.245572","0.2496","0.253","0.2402","0.2515","1146342.66"
"2019-08-21 01:08:00","0.239961","0.2398","0.2509","0.2331","0.2496","836413.21"
"2019-08-22 01:08:00","0.255824","0.2615","0.2697","0.2341","0.2398","1800973.05"
"2019-08-23 01:08:00","0.260937","0.26","0.2658","0.2564","0.2615","1401792.29"
"2019-08-24 01:08:00","0.258593","0.2591","0.2653","0.2524","0.26","1417379.61"
"2019-08-25 01:08:00","0.268628","0.266","0.2799","0.2585","0.2591","2080248.14"
"2019-08-26 01:08:00","0.269358","0.2696","0.2766","0.264","0.266","1314382.99"
"2019-08-27 01:08:00","0.261719","0.2603","0.27","0.2583","0.2696","1108925.43"
"2019-08-28 01:08:00","0.253855","0.2424","0.2622","0.241","0.2603","1329881.72"
"2019-08-29 01:08:00","0.244188","0.2498","0.2588","0.2334","0.2424","1275327.98"
"2019-08-30 01:08:00","0.248764","0.2527","0.2536","0.2449","0.2498","742906.25"
"2019-08-31 01:08:00","0.24713","0.2469","0.2536","0.2426","0.2527","1154430.7"
"2019-09-01 01:09:00","0.245122","0.241","0.2501","0.2386","0.2469","1126821.82"
"2019-09-02 01:09:00","0.247262","0.2494","0.2555","0.2402","0.241","1178622.56"
"2019-09-03 01:09:00","0.249272","0.2497","0.2524","0.2461","0.2494","854162.7"
"2019-09-04 01:09:00","0.245894","0.2473","0.2502","0.242","0.2497","672955.95"
"2019-09-05 01:09:00","0.243258","0.2426","0.2487","0.2386","0.2473","972936.85"
"2019-09-06 01:09:00","0.237339","0.2304","0.2447","0.2265","0.2426","1595413.73"
"2019-09-07 01:09:00","0.235146","0.2409","0.2419","0.2295","0.2304","711920.27"
"2019-09-08 01:09:00","0.243809","0.2443","0.2485","0.2387","0.2409","814867.11"
"2019-09-09 01:09:00","0.239417","0.2389","0.2459","0.2353","0.2443","833103.54"
"2019-09-10 01:09:00","0.239527","0.2389","0.2424","0.2375","0.2389","416454.54"
"2019-09-11 01:09:00","0.237705","0.2383","0.241","0.2349","0.2389","300140.44"
"2019-09-12 01:09:00","0.236268","0.237","0.2389","0.234","0.2383","348790.6"
"2019-09-13 01:09:00","0.239782","0.2419","0.2425","0.2351","0.237","404823.65"
"2019-09-14 01:09:00","0.244387","0.2476","0.249","0.239","0.2419","476853.54"
"2019-09-15 01:09:00","0.247209","0.249","0.2501","0.2436","0.2476","497043.73"
"2019-09-16 01:09:00","0.249097","0.2495","0.2539","0.2435","0.249","598719.32"
"2019-09-17 01:09:00","0.257741","0.2614","0.2658","0.2481","0.2495","1006637.16"
"2019-09-18 01:09:00","0.293053","0.2977","0.3151","0.2613","0.2614","2579919.17"
"2019-09-19 01:09:00","0.288734","0.2983","0.3036","0.2754","0.2977","2264315.72"
"2019-09-20 01:09:00","0.298567","0.3141","0.3142","0.2868","0.2983","2254121.37"
"2019-09-21 01:09:00","0.298891","0.2931","0.3148","0.2906","0.3141","1776768.43"
"2019-09-22 01:09:00","0.283037","0.2783","0.2934","0.2753","0.2931","1074787.93"
"2019-09-23 01:09:00","0.284828","0.2774","0.2935","0.2773","0.2783","1272258.64"
"2019-09-24 01:09:00","0.26103","0.2532","0.2842","0.2396","0.2774","2716812.53"
"2019-09-25 01:09:00","0.255501","0.262","0.2699","0.2412","0.2532","1766983.02"
"2019-09-26 01:09:00","0.259115","0.266","0.2688","0.245","0.262","1909508.52"
"2019-09-27 01:09:00","0.261617","0.2633","0.2696","0.2543","0.266","1002416.35"
"2019-09-28 01:09:00","0.262099","0.2637","0.2653","0.2593","0.2633","518403.95"
"2019-09-29 01:09:00","0.256922","0.2597","0.2641","0.2509","0.2637","497676.94"
"2019-09-30 01:09:00","0.259883","0.2654","0.2676","0.2518","0.2597","1041082.53"
"2019-10-01 01:10:00","0.27287","0.2699","0.2786","0.2625","0.2654","1517357.56"
"2019-10-02 01:10:00","0.274253","0.2815","0.2819","0.268","0.2699","814157.34"
"2019-10-03 01:10:00","0.273089","0.2721","0.2817","0.2679","0.2815","502745.53"
"2019-10-04 01:10:00","0.27084","0.2708","0.274","0.2671","0.2721","497144.33"
"2019-10-05 01:10:00","0.274719","0.2765","0.2795","0.2683","0.2708","655854.28"
"2019-10-06 01:10:00","0.26979","0.2685","0.2767","0.2651","0.2765","688096.24"
"2019-10-07 01:10:00","0.27733","0.2829","0.2844","0.2667","0.2685","843424.32"
"2019-10-08 01:10:00","0.276261","0.2763","0.2871","0.2706","0.2829","886181.42"
"2019-10-09 01:10:00","0.277069","0.2805","0.2837","0.2697","0.2763","817234.97"
"2019-10-10 01:10:00","0.27489","0.2776","0.2813","0.271","0.2805","441402.35"
"2019-10-11 01:10:00","0.270709","0.2704","0.2795","0.2669","0.2776","512113.43"
"2019-10-12 01:10:00","0.271132","0.2691","0.2739","0.267","0.2704","225458.41"
"2019-10-13 01:10:00","0.278759","0.2793","0.2846","0.2686","0.2691","534764.1"
"2019-10-14 01:10:00","0.280385","0.2844","0.2846","0.2773","0.2793","598521.8"
"2019-10-15 01:10:00","0.280744","0.2801","0.2862","0.2748","0.2844","509249.13"
"2019-10-16 01:10:00","0.271033","0.2721","0.2818","0.2656","0.2801","909982.61"
"2019-10-17 01:10:00","0.275771","0.2771","0.2807","0.269","0.2721","486042.74"
"2019-10-18 01:10:00","0.267896","0.2718","0.2783","0.2607","0.2771","749864.24"
"2019-10-19 01:10:00","0.270802","0.2695","0.2736","0.267","0.2718","322055.06"
"2019-10-20 01:10:00","0.270939","0.2707","0.2744","0.2665","0.2695","351429.21"
"2019-10-21 01:10:00","0.268612","0.2701","0.2721","0.265","0.2707","504551.11"
"2019-10-22 01:10:00","0.271173","0.2707","0.2763","0.2686","0.2701","496342.78"
"2019-10-23 01:10:00","0.257052","0.253","0.2736","0.2437","0.2707","992681.17"
"2019-10-24 01:10:00","0.253882","0.2547","0.2563","0.2519","0.253","288594.92"
"2019-10-25 01:10:00","0.267842","0.2721","0.276","0.2526","0.2547","1011536.53"
"2019-10-26 01:10:00","0.272638","0.2689","0.2826","0.2603","0.2721","2054804.85"
"2019-10-27 01:10:00","0.267371","0.2733","0.2766","0.2583","0.2689","1410932.79"
"2019-10-27 24:10:00","0.288624","0.2864","0.3004","0.2706","0.2733","3113296.71"
"2019-10-28 24:10:00","0.284839","0.2816","0.2906","0.2778","0.2864","1314907.49"
"2019-10-29 24:10:00","0.282836","0.2833","0.2925","0.2761","0.2816","953931.97"
"2019-10-30 24:10:00","0.27219","0.272","0.2836","0.2678","0.2833","1111578.67"
"2019-10-31 24:10:00","0.272224","0.2738","0.2765","0.2678","0.272","704762.53"
"2019-11-01 24:11:00","0.274752","0.273","0.2771","0.2719","0.2738","436756.3"
"2019-11-02 24:11:00","0.271886","0.2694","0.2748","0.268","0.273","393095.47"
"2019-11-03 24:11:00","0.273034","0.2743","0.276","0.2676","0.2694","611021.13"
"2019-11-04 24:11:00","0.275749","0.2765","0.2784","0.2708","0.2743","498893.56"
"2019-11-05 24:11:00","0.280366","0.281","0.2846","0.2754","0.2765","794145.89"
"2019-11-06 24:11:00","0.269733","0.2707","0.2835","0.2617","0.281","1370499.68"
"2019-11-07 24:11:00","0.266233","0.2641","0.2713","0.2603","0.2707","789498.37"
"2019-11-08 24:11:00","0.264573","0.2661","0.2662","0.2623","0.2641","345552.28"
"2019-11-09 24:11:00","0.266695","0.2673","0.2694","0.2639","0.2661","494640.15"
"2019-11-10 24:11:00","0.26052","0.2586","0.2682","0.2575","0.2673","719639.55"
"2019-11-11 24:11:00","0.260119","0.2603","0.2654","0.2572","0.2586","534255.8"
"2019-11-12 24:11:00","0.259553","0.2581","0.2613","0.2577","0.2603","393720.47"
"2019-11-13 24:11:00","0.263429","0.2632","0.2681","0.2568","0.2581","1000195.62"
"2019-11-14 24:11:00","0.257675","0.2586","0.2647","0.2506","0.2632","1354029.18"
"2019-11-15 24:11:00","0.255982","0.2564","0.2588","0.2546","0.2586","546336"
"2019-11-16 24:11:00","0.257464","0.2572","0.2601","0.2542","0.2564","528516.26"
"2019-11-17 24:11:00","0.255146","0.2508","0.2612","0.2456","0.2572","1017310.7"
"2019-11-18 24:11:00","0.245244","0.2463","0.251","0.2399","0.2508","842609.74"
"2019-11-19 24:11:00","0.243068","0.2409","0.2473","0.2394","0.2463","605005.74"
"2019-11-20 24:11:00","0.229334","0.228","0.2423","0.2192","0.2409","1271693.92"
"2019-11-21 24:11:00","0.207761","0.2102","0.2298","0.1884","0.228","2755589.2"
"2019-11-22 24:11:00","0.210413","0.215","0.2158","0.204","0.2102","765955.76"
"2019-11-23 24:11:00","0.209203","0.2021","0.2155","0.2007","0.215","660279"
"2019-11-24 24:11:00","0.203421","0.2097","0.2148","0.1906","0.2021","1532397.07"
"2019-11-25 24:11:00","0.208892","0.212","0.2127","0.204","0.2097","577331.19"
"2019-11-26 24:11:00","0.210619","0.2117","0.2159","0.2017","0.212","1409454.14"
"2019-11-27 24:11:00","0.212705","0.2105","0.2158","0.2074","0.2117","605336.29"
"2019-11-28 24:11:00","0.215006","0.2191","0.2191","0.21","0.2105","695896.48"
"2019-11-29 24:11:00","0.211109","0.2104","0.2195","0.2045","0.2191","701775.19"
"2019-11-30 24:11:00","0.203146","0.2055","0.2104","0.1991","0.2104","509072.3"
"2019-12-01 24:12:00","0.20514","0.2074","0.213","0.1971","0.2055","571315.33"
"2019-12-02 24:12:00","0.204931","0.2039","0.2094","0.2013","0.2074","448079.88"
"2019-12-03 24:12:00","0.200113","0.1972","0.2089","0.1944","0.2039","738942.88"
"2019-12-04 24:12:00","0.200666","0.2043","0.2055","0.1963","0.1972","590676.58"
"2019-12-05 24:12:00","0.20392","0.2059","0.2065","0.2009","0.2043","554220.24"
"2019-12-06 24:12:00","0.206121","0.2044","0.2088","0.2038","0.2059","321309.83"
"2019-12-07 24:12:00","0.20497","0.2068","0.2078","0.202","0.2044","261447.66"
"2019-12-08 24:12:00","0.205883","0.2032","0.2114","0.2013","0.2068","541280.99"
"2019-12-09 24:12:00","0.197623","0.198","0.2039","0.1933","0.2032","1180441.7"
"2019-12-10 24:12:00","0.197923","0.198","0.2","0.1959","0.198","347033.65"
"2019-12-11 24:12:00","0.195594","0.1935","0.1994","0.1934","0.198","293140.32"
"2019-12-12 24:12:00","0.1927","0.1941","0.1947","0.1902","0.1935","378131.95"
"2019-12-13 24:12:00","0.190244","0.1893","0.1942","0.186","0.1941","387993.89"
"2019-12-14 24:12:00","0.188862","0.1873","0.1915","0.1869","0.1893","323212.72"
"2019-12-15 24:12:00","0.180385","0.174","0.1888","0.1724","0.1873","711392.65"
"2019-12-16 24:12:00","0.162677","0.1542","0.1757","0.1527","0.174","1774845.25"
"2019-12-17 24:12:00","0.155671","0.1592","0.1606","0.1494","0.1542","2325250.88"
"2019-12-18 24:12:00","0.158217","0.1632","0.1653","0.1522","0.1592","1456930.87"
"2019-12-19 24:12:00","0.161019","0.1637","0.1654","0.158","0.1632","550735.12"
"2019-12-20 24:12:00","0.162321","0.1619","0.1666","0.1598","0.1637","912174.1"
"2019-12-21 24:12:00","0.164197","0.1665","0.1683","0.1591","0.1619","813952.33"
"2019-12-22 24:12:00","0.163089","0.1617","0.1673","0.159","0.1665","561442.68"
"2019-12-23 24:12:00","0.158415","0.1558","0.1624","0.1547","0.1617","499070.41"
"2019-12-24 24:12:00","0.154683","0.1563","0.1568","0.1516","0.1558","307931.13"
"2019-12-25 24:12:00","0.15944","0.1588","0.1661","0.1547","0.1563","693304.62"
"2019-12-26 24:12:00","0.160704","0.1626","0.1631","0.1566","0.1588","407401.29"
"2019-12-27 24:12:00","0.162622","0.1636","0.1642","0.1608","0.1626","312417.03"
"2019-12-28 24:12:00","0.165944","0.1681","0.1711","0.1607","0.1636","632793.36"
"2019-12-29 24:12:00","0.16087","0.1603","0.1681","0.1572","0.1681","653484.61"
"2019-12-30 24:12:00","0.159726","0.1607","0.1629","0.1571","0.1603","427645.86"
"2019-12-31 24:12:00","0.161441","0.1609","0.1639","0.1587","0.1607","349141.75"
"2020-01-01 24:01:00","0.158604","0.1583","0.1615","0.1565","0.1609","407769.02"
"2020-01-02 24:01:00","0.163353","0.1668","0.1676","0.1558","0.1583","688019.05"
"2020-01-03 24:01:00","0.16922","0.1734","0.1738","0.1645","0.1668","426645.09"
"2020-01-04 24:01:00","0.171281","0.1719","0.1744","0.1674","0.1734","670196.23"
"2020-01-05 24:01:00","0.179014","0.1827","0.185","0.1716","0.1719","985142.99"
"2020-01-06 24:01:00","0.189188","0.1866","0.1966","0.1824","0.1827","1233325.92"
"2020-01-07 24:01:00","0.183153","0.1803","0.1907","0.1781","0.1866","1042536.09"
"2020-01-08 24:01:00","0.177706","0.1772","0.1823","0.175","0.1803","634528.2"
"2020-01-09 24:01:00","0.179698","0.1895","0.19","0.1712","0.1772","1062663.72"
"2020-01-10 24:01:00","0.188591","0.1913","0.1946","0.184","0.1895","1244773.61"
"2020-01-11 24:01:00","0.190469","0.1913","0.1926","0.1877","0.1913","450901.14"
"2020-01-12 24:01:00","0.18801","0.1881","0.1916","0.1861","0.1913","391603.39"
"2020-01-13 24:01:00","0.201276","0.2099","0.2171","0.188","0.1881","2583844.73"
"2020-01-14 24:01:00","0.219961","0.2314","0.2319","0.2061","0.2099","2074433.71"
"2020-01-15 24:01:00","0.221994","0.2275","0.2322","0.2156","0.2314","1159992.76"
"2020-01-16 24:01:00","0.240591","0.2371","0.2578","0.2204","0.2275","3216744.57"
"2020-01-17 24:01:00","0.244528","0.2452","0.2542","0.2297","0.2371","1967495.32"
"2020-01-18 24:01:00","0.241085","0.2465","0.2498","0.2272","0.2452","1795882.02"
"2020-01-19 24:01:00","0.245169","0.2513","0.2558","0.2361","0.2465","1416418.25"
"2020-01-20 24:01:00","0.247238","0.2501","0.254","0.2404","0.2513","858306.49"
"2020-01-21 24:01:00","0.247702","0.2488","0.2538","0.2438","0.2501","784502.12"
"2020-01-22 24:01:00","0.23534","0.2342","0.2492","0.2309","0.2488","1103227.08"
"2020-01-23 24:01:00","0.233566","0.2364","0.2394","0.226","0.2342","927079.06"
"2020-01-24 24:01:00","0.231223","0.2332","0.2364","0.2282","0.2364","772578.33"
"2020-01-25 24:01:00","0.239421","0.2443","0.2446","0.2313","0.2332","1162689.64"
"2020-01-26 24:01:00","0.248751","0.2515","0.2525","0.2433","0.2443","1629814.44"
"2020-01-27 24:01:00","0.269098","0.2876","0.2876","0.2492","0.2515","3688541.54"
"2020-01-28 24:01:00","0.293111","0.2973","0.3064","0.2809","0.2876","4549195.19"
"2020-01-29 24:01:00","0.288503","0.2927","0.2995","0.279","0.2973","4076302.71"
"2020-01-30 24:01:00","0.288882","0.2934","0.2948","0.2816","0.2927","1667004.61"
"2020-01-31 24:01:00","0.296883","0.3031","0.3037","0.2896","0.2934","1127904.38"
"2020-02-01 24:02:00","0.305907","0.3062","0.3154","0.2904","0.3031","1978644.66"
"2020-02-02 24:02:00","0.337991","0.3299","0.3685","0.3047","0.3062","8490112.54"
"2020-02-03 24:02:00","0.326596","0.329","0.3394","0.3124","0.3299","3981740.65"
"2020-02-04 24:02:00","0.329097","0.3246","0.3402","0.3179","0.329","4977986.95"
"2020-02-05 24:02:00","0.333812","0.3293","0.3442","0.3234","0.3246","2812868.84"
"2020-02-06 24:02:00","0.32507","0.3209","0.3314","0.3179","0.3293","1448115.4"
"2020-02-07 24:02:00","0.31115","0.3078","0.3211","0.3011","0.3209","1283553.52"
"2020-02-08 24:02:00","0.315067","0.321","0.3229","0.3078","0.3078","1291454.15"
"2020-02-09 24:02:00","0.310633","0.3166","0.3275","0.301","0.321","2508026.14"
"2020-02-10 24:02:00","0.312987","0.333","0.336","0.25","0.3166","2672312.42"
"2020-02-11 24:02:00","0.338957","0.3338","0.3526","0.3266","0.333","2246948.17"
"2020-02-12 24:02:00","0.324366","0.3211","0.3477","0.3115","0.3338","2644306.07"
"2020-02-13 24:02:00","0.318801","0.3218","0.325","0.31","0.3211","1732407.56"
"2020-02-14 24:02:00","0.300978","0.2907","0.3251","0.2822","0.3218","1874667.38"
"2020-02-15 24:02:00","0.279634","0.2802","0.2974","0.2655","0.2907","1439724.22"
"2020-02-16 24:02:00","0.272204","0.2869","0.287","0.2602","0.2802","1714247.5"
"2020-02-17 24:02:00","0.283771","0.2912","0.2948","0.2686","0.2869","1071688.34"
"2020-02-18 24:02:00","0.279601","0.2665","0.2936","0.259","0.2912","928479.72"
"2020-02-19 24:02:00","0.263281","0.2653","0.2707","0.257","0.2665","630980.61"
"2020-02-20 24:02:00","0.2689","0.2684","0.2741","0.2625","0.2653","503926.4"
"2020-02-21 24:02:00","0.268101","0.2705","0.2733","0.2638","0.2684","324331.9"
"2020-02-22 24:02:00","0.277223","0.2795","0.2835","0.2705","0.2705","551452.08"
"2020-02-23 24:02:00","0.265783","0.2618","0.2818","0.2557","0.2795","661857.48"
"2020-02-24 24:02:00","0.252647","0.2489","0.2621","0.246","0.2618","834263.33"
"2020-02-25 24:02:00","0.227812","0.2199","0.2501","0.21","0.2489","1565317.29"
"2020-02-26 24:02:00","0.214337","0.2142","0.23","0.2037","0.2199","1392790.63"
"2020-02-27 24:02:00","0.212487","0.216","0.2209","0.2031","0.2142","525427.1"
"2020-02-28 24:02:00","0.217728","0.2135","0.2212","0.2114","0.216","239012.85"
"2020-02-29 24:02:00","0.21404","0.2113","0.2221","0.207","0.2135","352689.44"
"2020-03-01 24:03:00","0.220805","0.2236","0.2274","0.2093","0.2113","479734.22"
"2020-03-02 24:03:00","0.22297","0.2248","0.2289","0.2185","0.2236","241439.89"
"2020-03-03 24:03:00","0.221863","0.2222","0.2262","0.2184","0.2248","199086.3"
"2020-03-04 24:03:00","0.23245","0.2282","0.2375","0.2215","0.2222","496295.53"
"2020-03-05 24:03:00","0.229725","0.2338","0.2341","0.2252","0.2282","291029.97"
"2020-03-06 24:03:00","0.23094","0.2236","0.2379","0.2227","0.2338","272720.59"
"2020-03-07 24:03:00","0.204367","0.1917","0.2236","0.19","0.2236","1131432.63"
"2020-03-08 24:03:00","0.189313","0.1928","0.1992","0.1801","0.1917","1173566.76"
"2020-03-09 24:03:00","0.194483","0.1977","0.2007","0.1871","0.1928","397026.8"
"2020-03-10 24:03:00","0.193135","0.1957","0.2015","0.1842","0.1977","454908.93"
"2020-03-11 24:03:00","0.14675","0.1101","0.1966","0.1076","0.1957","2952033.92"
"2020-03-12 24:03:00","0.114163","0.1305","0.143","0.0755","0.1101","2304157.51"
"2020-03-13 24:03:00","0.125117","0.1247","0.1322","0.1185","0.1305","640753.79"
"2020-03-14 24:03:00","0.125299","0.1219","0.1338","0.1188","0.1247","575868.92"
"2020-03-15 24:03:00","0.105712","0.1103","0.1219","0.0921","0.1219","1013583.16"
"2020-03-16 24:03:00","0.117287","0.1222","0.1264","0.1084","0.1103","496235.69"
"2020-03-17 24:03:00","0.120571","0.1263","0.129","0.1131","0.1222","476623.58"
"2020-03-18 24:03:00","0.141748","0.1501","0.1575","0.1236","0.1263","1161539.59"
"2020-03-19 24:03:00","0.148468","0.1416","0.164","0.1259","0.1501","1400075.37"
"2020-03-20 24:03:00","0.137796","0.1389","0.1479","0.1305","0.1416","452823.86"
"2020-03-21 24:03:00","0.130819","0.126","0.1426","0.1246","0.1389","443890.59"
"2020-03-22 24:03:00","0.135214","0.1435","0.1452","0.1237","0.126","682554.72"
"2020-03-23 24:03:00","0.14297","0.1447","0.1462","0.138","0.1435","383463.34"
"2020-03-24 24:03:00","0.141503","0.1407","0.1467","0.1364","0.1447","245572.57"
"2020-03-25 24:03:00","0.141285","0.1451","0.1456","0.1381","0.1407","337751.8"
"2020-03-26 24:03:00","0.14269","0.1361","0.1506","0.1336","0.1451","571007.31"
"2020-03-27 24:03:00","0.135245","0.1392","0.1416","0.1307","0.1361","558440.53"
"2020-03-28 24:03:00","0.134535","0.1322","0.14","0.1311","0.1392","415847.38"
"2020-03-30 01:03:00","0.141221","0.1415","0.1466","0.132","0.1322","435145.62"
"2020-03-31 01:03:00","0.143277","0.1443","0.1463","0.1405","0.1415","216847.6"
"2020-04-01 01:04:00","0.142065","0.1473","0.1485","0.1375","0.1443","366383.01"
"2020-04-02 01:04:00","0.148445","0.1482","0.1555","0.1445","0.1473","469228.09"
"2020-04-03 01:04:00","0.151151","0.1491","0.1552","0.1468","0.1482","332189.59"
"2020-04-04 01:04:00","0.148645","0.1498","0.1536","0.146","0.1491","235117.42"
"2020-04-05 01:04:00","0.147677","0.1487","0.1503","0.1452","0.1498","187979.14"
"2020-04-06 01:04:00","0.158358","0.1668","0.1668","0.1481","0.1487","555194.57"
"2020-04-07 01:04:00","0.169217","0.1638","0.1761","0.1598","0.1668","836973.3"
"2020-04-08 01:04:00","0.168861","0.1715","0.1728","0.1625","0.1638","319328.12"
"2020-04-09 01:04:00","0.171049","0.1728","0.1734","0.1663","0.1715","290423.78"
"2020-04-10 01:04:00","0.160203","0.1609","0.173","0.1526","0.1728","608364.62"
"2020-04-11 01:04:00","0.160435","0.1596","0.1644","0.1554","0.1609","203729.08"
"2020-04-12 01:04:00","0.16378","0.1609","0.1674","0.1569","0.1596","287375.34"
"2020-04-13 01:04:00","0.157704","0.1592","0.161","0.1548","0.1609","251120.75"
"2020-04-14 01:04:00","0.159688","0.1583","0.1633","0.1556","0.1592","174102.08"
"2020-04-15 01:04:00","0.153061","0.148","0.1597","0.147","0.1583","377725.13"
"2020-04-16 01:04:00","0.153487","0.1571","0.1605","0.1426","0.148","527106.05"
"2020-04-17 01:04:00","0.157618","0.1562","0.16","0.1548","0.1571","236417.41"
"2020-04-18 01:04:00","0.161247","0.1632","0.165","0.1556","0.1562","370000.06"
"2020-04-19 01:04:00","0.158066","0.1563","0.1632","0.154","0.1632","326514.27"
"2020-04-20 01:04:00","0.153759","0.1489","0.1608","0.1462","0.1563","953690.57"
"2020-04-21 01:04:00","0.150552","0.1513","0.1534","0.1476","0.1489","216276.62"
"2020-04-22 01:04:00","0.15429","0.1567","0.1577","0.1508","0.1513","187572.95"
"2020-04-23 01:04:00","0.160188","0.159","0.1645","0.1529","0.1567","451612.07"
"2020-04-24 01:04:00","0.164628","0.1682","0.1684","0.159","0.159","465649.1"
"2020-04-25 01:04:00","0.169927","0.1697","0.173","0.166","0.1682","265557.38"
"2020-04-26 01:04:00","0.174862","0.176","0.1781","0.1693","0.1697","430725.29"
"2020-04-27 01:04:00","0.171394","0.1744","0.1765","0.1665","0.176","279094.94"
"2020-04-28 01:04:00","0.17088","0.1744","0.1745","0.1681","0.1744","344785.51"
"2020-04-29 01:04:00","0.181615","0.1855","0.1885","0.1742","0.1744","945738.25"
"2020-04-30 01:04:00","0.181555","0.1772","0.1916","0.1717","0.1855","1069658.78"
"2020-05-01 01:05:00","0.183431","0.1822","0.1879","0.1767","0.1772","341532.36"
"2020-05-02 01:05:00","0.187365","0.1911","0.1922","0.1816","0.1822","513236.79"
"2020-05-03 01:05:00","0.186744","0.1828","0.1943","0.1791","0.1911","351668"
"2020-05-04 01:05:00","0.179934","0.182","0.1877","0.172","0.1828","508667.43"
"2020-05-05 01:05:00","0.184147","0.1875","0.188","0.1802","0.182","429382.93"
"2020-05-06 01:05:00","0.18507","0.1782","0.1895","0.1776","0.1875","410685.82"
"2020-05-07 01:05:00","0.183667","0.1845","0.1888","0.1768","0.1782","491935.34"
"2020-05-08 01:05:00","0.194167","0.2017","0.2069","0.1811","0.1845","1284467.2"
"2020-05-09 01:05:00","0.207261","0.1976","0.2168","0.1967","0.2017","972613.73"
"2020-05-10 01:05:00","0.177475","0.1835","0.1976","0.167","0.1976","1998896.93"
"2020-05-11 01:05:00","0.176336","0.1773","0.1858","0.1708","0.1835","451954.61"
"2020-05-12 01:05:00","0.185428","0.1855","0.1899","0.1762","0.1773","646345.94"
"2020-05-13 01:05:00","0.191207","0.1928","0.1969","0.1845","0.1855","874491.91"
"2020-05-14 01:05:00","0.199565","0.2081","0.2127","0.1877","0.1928","1158189.15"
"2020-05-15 01:05:00","0.205805","0.1972","0.2107","0.197","0.2081","1707822.26"
"2020-05-16 01:05:00","0.198925","0.1969","0.2021","0.1949","0.1972","140336.21"
"2020-05-17 01:05:00","0.202111","0.1992","0.206","0.196","0.1969","238107.38"
"2020-05-18 01:05:00","0.203337","0.2039","0.2064","0.1986","0.1992","250604.56"
"2020-05-19 01:05:00","0.201574","0.2022","0.2042","0.199","0.2039","212741.41"
"2020-05-20 01:05:00","0.200164","0.1994","0.2056","0.1955","0.2022","329212.12"
"2020-05-21 01:05:00","0.18916","0.1884","0.2007","0.181","0.1994","630189.88"
"2020-05-22 01:05:00","0.19585","0.2015","0.2048","0.1851","0.1884","761618.85"
"2020-05-23 01:05:00","0.203107","0.1995","0.2092","0.1986","0.2015","486158.51"
"2020-05-24 01:05:00","0.196563","0.1911","0.2027","0.1898","0.1995","440816.84"
"2020-05-25 01:05:00","0.192768","0.1969","0.1974","0.1887","0.1911","213942.93"
"2020-05-26 01:05:00","0.192485","0.1944","0.1974","0.189","0.1969","193435.6"
"2020-05-27 01:05:00","0.196688","0.1965","0.2001","0.1929","0.1944","358452.74"
"2020-05-28 01:05:00","0.199712","0.2037","0.2047","0.1944","0.1965","265240.58"
"2020-05-29 01:05:00","0.200277","0.2015","0.2048","0.1957","0.2037","276849.56"
"2020-05-30 01:05:00","0.211278","0.2189","0.2193","0.1996","0.2015","299508.91"
"2020-05-31 01:05:00","0.229225","0.2207","0.2416","0.214","0.2189","1293911.04"
"2020-06-01 01:06:00","0.225755","0.2349","0.2374","0.22","0.2207","431327.92"
"2020-06-02 01:06:00","0.232468","0.2341","0.2477","0.2183","0.2349","824861.2"
"2020-06-03 01:06:00","0.243864","0.2502","0.2507","0.2305","0.2341","690803.74"
"2020-06-04 01:06:00","0.247996","0.249","0.2827","0.2377","0.2502","720898.37"
"2020-06-05 01:06:00","0.247628","0.24","0.2544","0.239","0.249","598513.06"
"2020-06-06 01:06:00","0.241966","0.2437","0.248","0.2356","0.24","235980.39"
"2020-06-07 01:06:00","0.23703","0.2399","0.2469","0.2318","0.2437","366506.36"
"2020-06-08 01:06:00","0.240122","0.2408","0.2427","0.2355","0.2399","312829.38"
"2020-06-09 01:06:00","0.241846","0.2434","0.2441","0.2358","0.2408","108020.27"
